transaction_id,order_date,customer_id,customer_name,country,product_id,product_category,quantity,price,payment_method,order_status
T1,2025-11-16,C160,Henry Alvarez,DE,P69,Sports,2,100.57,PayPal,Cancelled
T2,2025-12-12,C121,Joel Willis,AU,P72,Clothing,5,57.47,UPI,Cancelled
T3,2025-08-12,C182,Patricia Wolfe,UK,P10,Clothing,1,107.1,UPI,Returned
T4,2025-07-09,C135,Andrea Wilson,AU,P165,Books,3,456.89,Debit Card,Cancelled
T5,2025-10-10,C93,Trevor Davis,US,P76,Clothing,2,248.99,Credit Card,Returned
T6,2025-05-25,C130,Tony Wright,FR,P156,Home,5,100.27,PayPal,Returned
T7,2025-08-01,C262,Jordan Floyd,FR,P156,Electronics,5,109.52,UPI,Cancelled
T8,2025-12-22,C118,Tonya Torres,US,P191,Clothing,3,373.13,UPI,Completed
T9,2025-10-31,C234,Kerri Nguyen,DE,P106,Clothing,5,251.74,Credit Card,Returned
T10,2025-10-28,C254,Samuel Brown,IN,P67,Sports,2,22.13,UPI,Cancelled
T11,2025-11-15,C147,Robert Washington,DE,P29,Clothing,2,143.26,PayPal,Returned
T12,2025-12-02,C134,Karen Brock,FR,P187,Electronics,3,175.61,UPI,Cancelled
T13,2026-02-28,C128,Christopher Wood,DE,P147,Electronics,3,34.68,Credit Card,Completed
T14,2025-07-26,C32,Maureen Sullivan,UK,P98,Home,3,48.25,PayPal,Completed
T15,2026-01-24,C54,Jeremy Thomas,FR,P52,Clothing,3,295.35,UPI,Returned
T16,2025-03-05,C81,Clayton Ward,UK,P61,Home,2,334.58,PayPal,Completed
T17,2026-02-28,C187,Heather Bailey,CA,P24,Books,4,368.96,Credit Card,Completed
T18,2025-12-26,C50,Barbara Alvarez,IN,P69,Electronics,5,449.19,UPI,Cancelled
T19,2025-04-03,C62,Robert Reed,CA,P178,Electronics,2,32.39,PayPal,Completed
T20,2025-03-20,C52,Karen Johnson,AU,P138,Clothing,4,386.74,Credit Card,Returned
T21,2025-10-26,C183,Erika Moore,FR,P88,Clothing,5,240.93,PayPal,Completed
T22,2025-06-25,C206,Stephen Martin,FR,P18,Electronics,1,302.4,UPI,Completed
T23,2026-02-18,C145,Noah Fuller,UK,P149,Clothing,5,485.96,Credit Card,Returned
T24,2025-06-06,C25,Robert Mason,US,P30,Books,1,371.78,Credit Card,Cancelled
T25,2025-07-28,C265,Paul Hernandez,UK,P132,Electronics,5,129.61,Debit Card,Completed
T26,2025-11-10,C271,James Tucker,DE,P179,Sports,4,260.13,Credit Card,Completed
T27,2025-11-20,C255,Norma Medina,CA,P23,Clothing,3,483.26,PayPal,Cancelled
T28,2025-08-09,C36,Lauren Reeves,IN,P148,Clothing,1,69.27,Credit Card,Returned
T29,2025-04-07,C39,Theresa Norman MD,CA,P43,Sports,4,285.69,PayPal,Returned
T30,2025-11-22,C6,Sharon Phillips,US,P65,Home,5,-10.368736179731634,Credit Card,Completed
T31,2025-12-22,C21,Laura Johnson,IN,P40,Clothing,2,139.35,UPI,Completed
T32,2025-11-27,C270,Gina Callahan,UK,P85,Electronics,3,306.42,Debit Card,Cancelled
T33,2025-07-08,C96,Michael Reynolds,FR,P142,Home,1,446.41,Debit Card,Returned
T34,2025-04-17,C216,Michael Barnes,US,P89,Sports,5,128.26,UPI,Returned
T35,2025-05-22,C128,Carrie Johnson,UK,P105,Home,2,340.86,UPI,Completed
T36,2026-04-05 22:39:44.644384,C128,Jessica Coleman,US,P125,Home,2,470.58,Credit Card,Returned
T37,2025-03-18,C280,Steve Brown,IN,P122,Clothing,5,411.66,Debit Card,Returned
T38,2025-09-14,C187,Melissa King,DE,P102,Books,3,135.84,Debit Card,Cancelled
T39,2025-05-27,C26,Charles Swanson Jr.,CA,P192,Sports,4,230.65,PayPal,Returned
T40,2025-09-15,C169,Thomas Fisher,IN,P89,Sports,2,152.33,Debit Card,Cancelled
T41,2026-01-07,C232,Kaitlyn Johnson,IN,P91,Electronics,2,270.7,PayPal,Cancelled
T42,2025-05-05,C84,Destiny Aguilar,IN,P132,Clothing,3,421.06,Credit Card,Returned
T43,2025-07-26,C248,Christopher Church,AU,P7,Sports,1,328.26,UPI,Completed
T44,2025-06-14,C84,Tammy Smith,CA,P129,Clothing,-1,153.02,Debit Card,Completed
T45,2025-08-05,C27,Jordan Wilson,AU,P109,Home,5,471.98,UPI,Returned
T46,2025-05-19,C63,David Adams,UK,P19,Home,3,268.74,UPI,Returned
T47,2025-08-06,C218,Allison Gallagher,AU,P46,Clothing,2,194.58,UPI,Cancelled
T48,2025-08-20,C176,Eric Jimenez,AU,P169,Clothing,2,218.61,PayPal,Returned
T49,2025-09-06,C296,Timothy Houston,UK,P27,Books,5,202.55,UPI,Completed
T50,2025-12-08,C39,Taylor Allen,IN,P29,Books,2,44.12,Debit Card,Cancelled
T51,2025-08-15,C10,Jordan Santos,US,P54,Electronics,5,364.81,PayPal,Completed
T52,2025-12-05,C268,Donald Campbell,FR,P40,Clothing,2,475.79,Credit Card,Returned
T53,2025-07-20,C91,Robin Rodriguez,CA,P3,Clothing,3,99.64,Credit Card,Completed
T54,2025-04-06,C128,Gabrielle Holmes,FR,P17,Books,1,361.73,Debit Card,Returned
T55,2025-12-03,C11,Julie Chapman,UK,P85,Home,2,195.7,UPI,Returned
T56,2025-03-25,C57,Perry Gill,UK,P29,Sports,1,89.07,Debit Card,Completed
T57,2025-09-14,C130,Christian Lewis,AU,P2,Clothing,3,284.65,UPI,Returned
T58,2025-09-16,C237,Adam Hall,FR,P114,Home,4,386.81,PayPal,Completed
T59,2025-12-05,C127,Samantha Pacheco,IN,P187,Home,1,251.35,Credit Card,Completed
T60,2025-07-14,C27,Marc Ruiz,UK,P124,Electronics,4,388.03,Credit Card,Completed
T61,2025-12-28,C74,Justin Williams,FR,P91,Books,4,294.71,Credit Card,Returned
T62,2025-09-20,C149,Stephen Sanchez,IN,P56,Clothing,2,119.37,Debit Card,Completed
T63,2025-06-20,C199,Jasmin Hughes,CA,P92,Books,2,125.81,UPI,Cancelled
T1,2026-01-18,C300,Gregory Ball,IN,P120,Sports,1,419.84,UPI,Completed
T65,2025-06-22,C41,Gabriel Richards,UK,P49,Home,3,319.47,Debit Card,Cancelled
T66,2025-04-15,C85,Christian Manning,CA,P57,Sports,-5,410.06,Debit Card,Returned
T67,2025-04-19,C204,Victoria Carey,UK,P198,Sports,4,327.52,Debit Card,Returned
T68,2026-01-18,C277,Leonard Harrington,DE,P123,Clothing,3,187.82,UPI,Completed
T69,2025-04-25,C209,Alexander Yoder,US,P37,Electronics,4,311.6,Credit Card,Cancelled
T70,2026-04-05 22:39:44.644895,C84,Mrs. Kristine May DDS,AU,P111,Home,1,112.94,Credit Card,Returned
T71,2025-10-27,C126,Judy Clark,CA,P157,Books,3,237.99,Debit Card,Completed
T72,2025-06-08,C186,Lee Garcia,IN,P115,Electronics,4,331.73,Debit Card,Cancelled
T73,2026-01-23,C200,Kimberly Boyd,CA,P166,Clothing,4,127.19,PayPal,Returned
T74,2025-08-24,C118,Brandon Parsons,UK,P51,Clothing,2,152.28,UPI,Cancelled
T75,2025-10-03,C4,Monica Mitchell,IN,P163,Electronics,4,341.19,UPI,Cancelled
T76,2025-03-26,C115,Robert Kim,IN,P169,Sports,2,493.31,PayPal,Returned
T77,2025-11-05,C212,Natasha Taylor,AU,P109,Sports,3,443.86,Debit Card,Returned
T78,2025-11-20,C22,Tristan Rasmussen,UK,P184,Home,4,222.05,Debit Card,Cancelled
T79,2025-04-20,C146,Colleen Macdonald,IN,P150,Home,-4,469.3,Credit Card,Returned
T80,2026-01-10,C88,Matthew Carr,CA,P141,Home,1,82.22,Debit Card,Cancelled
T81,2026-01-08,C242,Victoria Hernandez,DE,P134,Electronics,5,431.04,Debit Card,Completed
T82,2025-06-13,C5,Shawn Walsh,US,P158,Books,4,484.3,Debit Card,Completed
T83,2025-05-18,C269,Christine Reed,US,P65,Home,2,102.15,Debit Card,Completed
T84,2025-11-16,C151,Hayley King,IN,P194,Home,3,223.74,PayPal,Cancelled
T85,2026-02-07,C32,Victoria Ashley,IN,P5,Home,4,462.68,Debit Card,Cancelled
T86,2025-12-29,C263,Stephen Floyd,DE,P80,Electronics,2,436.96,Credit Card,Completed
T87,2025-10-24,C149,John Bennett,AU,P26,Clothing,5,440.56,UPI,Cancelled
T88,2025-06-29,C232,Kristin Copeland,UK,P162,Clothing,1,189.55,Credit Card,Returned
T89,2025-06-01,C153,Kelly Paul,UK,P55,Clothing,5,286.6,Debit Card,Completed
T90,2025-10-25,C27,Paula Scott,DE,P8,Electronics,1,281.0,UPI,Returned
T91,2025-04-27,C30,Tim Garcia,UK,P24,Sports,1,34.5,Debit Card,Cancelled
T92,2025-07-11,C285,Mr. George Yang,US,P113,Sports,4,177.49,Debit Card,Returned
T93,2025-08-11,C243,Chelsey Smith,IN,P164,Home,2,328.42,UPI,Cancelled
T94,2025-04-21,C153,Todd Mccarty,UK,P17,Home,3,266.7,Credit Card,Returned
T95,2025-10-14,C81,Brendan Ross,US,P72,Electronics,5,438.47,PayPal,Completed
T96,2025-03-29,C218,Misty Gray,DE,P134,Books,2,170.33,Credit Card,Returned
T97,2025-07-26,C116,Jeanette Christensen,CA,P153,Electronics,5,349.61,Debit Card,Completed
T98,2025-05-05,C13,Jennifer Castaneda,CA,P54,Clothing,4,343.43,Credit Card,Completed
T99,2026-01-29,C244,Nicholas Morgan,IN,P190,Electronics,1,398.9,Credit Card,Cancelled
T100,2026-01-27,C91,Pamela Durham,CA,P165,Sports,2,454.9,UPI,Returned
T101,2025-12-21,C35,Jeffrey Harrington,AU,P138,Home,5,447.02,Credit Card,Cancelled
T102,2025-05-07,C270,Angela Stevenson,FR,P110,Books,4,222.88,PayPal,Returned
T103,2025-10-05,C37,Thomas Gomez,FR,P41,Sports,1,445.57,PayPal,Cancelled
T104,2026-01-10,C88,Joseph Morgan,UK,P101,Sports,2,256.71,Debit Card,Cancelled
T105,2025-11-21,C43,Kim Taylor,UK,P178,Home,4,48.97,Credit Card,Completed
T106,2025-10-22,C186,Jennifer Odom,CA,P96,Clothing,2,224.47,PayPal,Cancelled
T107,2025-10-15,C299,Amy Jones,UK,P23,Home,2,428.69,Debit Card,Cancelled
T108,2025-08-02,C297,David Bowman,AU,P132,Sports,3,80.12,UPI,Cancelled
T109,2025-12-28,C14,Collin Walsh,FR,P177,Books,4,437.76,Credit Card,Cancelled
T110,2026-01-15,C250,Luis Morris,FR,P160,Electronics,2,213.44,UPI,Cancelled
T111,2025-04-04,C123,Ryan Preston,AU,P103,Books,2,128.06,Debit Card,Cancelled
T112,2026-02-22,C198,Danielle Nelson,CA,P189,Sports,4,81.11,Credit Card,Cancelled
T113,2025-04-30,C149,Joshua Davis,AU,P158,Electronics,4,289.13,PayPal,Completed
T114,2025-08-16,C63,Margaret Dean,US,P184,Electronics,5,456.24,Credit Card,Cancelled
T115,2025-12-14,C255,Brad Estrada,US,P157,Sports,2,18.39,UPI,Completed
T116,2025-08-09,C80,Brandi Meza,IN,P71,Sports,3,414.98,UPI,Completed
T117,2026-01-25,C225,Derek Malone,UK,P51,Sports,2,203.96,Credit Card,Returned
T118,2026-02-19,C141,Dr. William Mitchell,DE,P180,Clothing,3,439.61,PayPal,Cancelled
T119,2025-12-12,C288,Christopher Miller,AU,P170,Sports,1,144.71,UPI,Cancelled
T120,2025-10-25,C77,Shawn Buck,AU,P12,Electronics,3,292.97,UPI,Completed
T121,2026-02-18,C245,Heather Nguyen,CA,P118,Sports,5,88.18,Debit Card,Returned
T122,2025-09-03,C127,Jessica Singh,IN,P53,Electronics,1,344.66,Credit Card,Completed
T123,2025-06-09,C119,Deanna Duncan,AU,P92,Clothing,2,12.65,Debit Card,Cancelled
T124,2025-04-12,C98,Ana Peters,AU,P66,Home,5,88.72,PayPal,Returned
T125,2026-02-02,C283,Amanda Shannon,AU,P65,Books,2,457.29,UPI,Returned
T126,2026-02-06,C14,Elizabeth Daniels,US,P10,Clothing,1,64.81,PayPal,Completed
T127,2025-07-02,C37,Lorraine Peters,AU,P136,Books,5,193.99,Debit Card,Cancelled
T128,2025-05-03,C19,Kevin Moore,FR,P171,Home,5,156.77,UPI,Returned
T129,2025-06-10,C203,Michael Wilson,UK,P114,Clothing,1,215.02,Debit Card,Completed
T130,2025-03-21,C116,Amanda Rhodes,US,P151,Sports,2,209.48,UPI,Cancelled
T131,2026-02-13,C123,Shawn Wilson,UK,P193,Sports,1,232.94,PayPal,Cancelled
T132,2026-02-17,C235,David Lee,IN,P102,Electronics,1,35.61,Debit Card,Returned
T133,2026-02-27,C82,Margaret Wyatt,UK,P5,Clothing,4,373.75,UPI,Returned
T1,2025-10-02,C122,Susan Garcia,IN,P43,Electronics,2,481.81,Credit Card,Completed
T135,2025-12-02,C165,David Myers,US,P1,Sports,3,141.65,UPI,Returned
T136,2025-11-10,C279,Glen Morris,DE,P44,Books,4,175.91,Credit Card,Cancelled
T137,2025-12-21,C141,Jonathan Luna,FR,P93,Books,1,114.48,Debit Card,Completed
T138,2025-12-03,C281,Savannah Young DDS,AU,P140,Home,4,336.27,UPI,Returned
T139,2025-05-06,C181,Elizabeth Gonzalez,FR,P148,Clothing,4,307.54,Credit Card,Returned
T140,2026-01-29,C191,Beth Hodges,DE,P84,Clothing,1,338.01,Debit Card,Returned
T141,2025-06-25,C87,Edward Chen,FR,P118,Electronics,5,90.77,UPI,Cancelled
T142,2025-04-14,C288,Grant Powell,IN,P17,Sports,4,121.84,Debit Card,Completed
T143,2025-07-26,C154,Joe Simmons,DE,P41,Electronics,3,271.16,PayPal,Cancelled
T144,2025-05-28,C128,Michael Jones,DE,P145,Clothing,3,260.32,UPI,Completed
T145,2025-04-24,C51,Angel Crawford,IN,P128,Books,5,484.23,Credit Card,Completed
T146,2025-05-12,C170,David Perkins,UK,P80,Books,5,395.48,UPI,Cancelled
T147,2025-12-25,C192,Johnathan Chambers,UK,P138,Sports,5,301.55,Debit Card,Cancelled
T148,2025-11-18,C232,David Vincent,CA,P93,Sports,2,487.07,Credit Card,Returned
T149,2025-09-05,C162,Christopher Sexton,US,P123,Electronics,4,380.25,PayPal,Cancelled
T150,2025-05-01,C13,Lisa Hall,UK,P200,Sports,3,305.33,Credit Card,Returned
T151,2026-01-06,C255,Shane Aguilar,US,P104,Home,4,196.56,UPI,Returned
T152,2025-08-26,C3,Kelly Schultz,UK,P108,Sports,2,115.09,Credit Card,Completed
T153,2026-01-22,C129,Cindy Crane,AU,P196,Home,5,16.04,Debit Card,Returned
T154,2025-12-04,C148,Leroy Morgan,DE,P74,Clothing,5,343.67,PayPal,Returned
T155,2025-12-15,C92,Dustin Rodriguez,CA,P177,Books,3,125.03,PayPal,Returned
T156,2025-03-31,C152,James Hughes,FR,P73,Books,4,177.27,UPI,Returned
T157,2025-12-14,C117,Denise Henderson,UK,P76,Home,1,394.28,UPI,Completed
T158,2025-08-26,C28,Megan Jones,IN,P168,Books,4,134.85,Debit Card,Completed
T159,2025-07-11,C115,Rachel Rios,UK,P42,Clothing,2,409.44,Debit Card,Completed
T160,2026-02-19,C91,James Gonzales,DE,P195,Electronics,3,352.69,Credit Card,Cancelled
T161,2026-02-18,C104,Rebecca Miller,CA,P92,Home,1,338.01,Debit Card,Cancelled
T162,2026-02-01,C81,Elaine Stephens,CA,P129,Clothing,3,44.82,UPI,Cancelled
T163,2025-06-01,C213,Elizabeth Haynes DVM,FR,P180,Electronics,2,79.43,PayPal,Returned
T164,2025-08-02,C234,Linda Barr,CA,P56,Clothing,2,260.53,UPI,Cancelled
T165,2025-04-05,C116,Karen Kim,CA,P178,Clothing,3,160.48,UPI,Cancelled
T166,2025-12-09,C232,Stephanie Bates,IN,P77,Clothing,4,285.06,Credit Card,Completed
T167,2025-10-23,C15,Alicia Lane,UK,P156,Clothing,4,349.12,UPI,Cancelled
T168,2025-07-19,C222,Jennifer Ballard,AU,P139,Home,1,269.03,PayPal,Cancelled
T169,2025-05-04,C183,Dale Palmer,UK,P160,Electronics,4,217.64,UPI,Returned
T170,2025-04-16,C35,Charles Miles,AU,P14,Clothing,3,18.6,PayPal,Returned
T171,2025-10-17,C253,Paul Smith,AU,P189,Sports,3,487.95,Credit Card,Cancelled
T172,2025-10-12,C29,Ernest Kim,FR,P60,Home,2,88.43,PayPal,Cancelled
T173,2025-07-22,C71,Daniel Bailey,US,P10,Clothing,2,406.33,UPI,Completed
T174,2025-12-14,C145,Sheila Davies,DE,P177,Electronics,2,218.91,PayPal,Completed
T175,2025-12-17,C138,Eric Smith,CA,P161,Home,2,449.44,Debit Card,Cancelled
T176,2025-06-22,C116,Mr. Stephen Rojas MD,CA,P147,Electronics,4,40.49,Credit Card,Completed
T177,2025-08-02,C258,Robert Newton,DE,P141,Home,1,164.62,Credit Card,Returned
T178,2025-12-15,C236,Jason Castillo,IN,P53,Clothing,2,381.96,Debit Card,Cancelled
T179,2025-09-18,C122,James Baker,AU,P47,Clothing,4,30.98,UPI,Completed
T180,2026-02-21,C240,Lauren Freeman,UK,P121,Sports,5,440.04,PayPal,Completed
T181,2025-08-26,C26,Vincent Long,IN,P54,Sports,1,137.23,Credit Card,Completed
T182,2025-10-26,C200,Darrell Jordan,UK,P154,Books,3,333.94,PayPal,Returned
T183,2025-10-14,C113,Jonathan Stewart,FR,P23,Clothing,5,304.09,PayPal,Returned
T184,2025-08-18,C251,James Robbins,UK,P113,Clothing,5,468.1,PayPal,Cancelled
T185,2025-12-06,C263,Danielle Wheeler,AU,P153,Sports,4,249.69,Credit Card,Completed
T186,2025-04-26,C208,Sheri Hobbs,IN,P179,Electronics,4,114.89,Credit Card,Cancelled
T187,2025-03-12,C166,Mark Jones,FR,P182,Clothing,5,62.47,Debit Card,Completed
T188,2025-04-03,C101,Megan Jones,IN,P169,Books,3,361.93,Credit Card,Completed
T189,2025-11-30,C47,Christine Hart,UK,P84,Home,3,487.86,Credit Card,Completed
T190,2025-09-07,C107,Rachael Pham,CA,P155,Home,5,474.63,PayPal,Returned
T191,2025-06-29,C297,Rhonda Scott,CA,P24,Home,2,84.57,PayPal,Cancelled
T192,2025-09-16,C241,Samuel Nichols MD,IN,P142,Electronics,4,194.52,Debit Card,Completed
T193,2025-04-14,C122,Cody Bray,US,P178,Clothing,4,220.63,PayPal,Cancelled
T194,2025-04-04,C127,James Graham,IN,P68,Clothing,2,177.34,PayPal,Completed
T1,2025-03-31,C114,Riley Wood,US,P18,Clothing,4,95.03,PayPal,Completed
T196,2025-12-14,C162,Allison Gonzalez,US,P86,Sports,2,427.14,PayPal,Returned
T197,2025-09-05,C261,Joseph Parker,UK,P19,Clothing,1,110.78,PayPal,Completed
T198,2025-09-30,C134,Christopher Murray,CA,P195,Electronics,3,175.45,Debit Card,Cancelled
T199,2025-08-05,C163,Erin Jackson,DE,P6,Sports,5,197.62,Debit Card,Completed
T200,2026-03-05,C212,Michael Brown,US,P20,Sports,4,214.14,PayPal,Returned
T201,2025-08-23,C260,Tyler Johnson,DE,P193,Clothing,3,432.1,PayPal,Completed
T202,2025-11-06,C269,Teresa Ford,US,P157,Home,1,101.54,PayPal,Cancelled
T203,2025-07-28,C175,Heidi Goodwin,US,P106,Home,2,42.8,Credit Card,Cancelled
T204,2025-12-25,C232,Kimberly Williams,AU,P160,Books,5,93.09,UPI,Cancelled
T205,2025-12-01,C222,Jennifer Lyons,AU,P78,Sports,5,41.46,Credit Card,Returned
T206,2025-03-18,C207,Robert Juarez,AU,P2,Home,2,368.71,PayPal,Completed
T207,2025-12-29,C167,Mary Frey,DE,P66,Home,5,33.63,PayPal,Completed
T208,2025-12-28,C165,Erin Cohen,DE,P42,Electronics,3,212.32,UPI,Completed
T209,2025-06-14,C93,Marcus Spencer,CA,P6,Books,4,54.12,PayPal,Returned
T210,2025-10-09,C1,Jenna Mitchell,FR,P35,Electronics,3,13.65,Debit Card,Completed
T211,2025-10-20,C94,Danielle Reynolds,DE,P148,Clothing,5,463.73,UPI,Returned
T212,2025-10-23,,Mrs. Denise Ryan,AU,P199,Sports,3,40.26,Debit Card,Cancelled
T213,2026-01-21,C184,Allen Knight,US,P143,Sports,5,51.28,UPI,Completed
T214,2025-09-23,C143,Jessica Haynes,US,P108,Books,5,449.4,Credit Card,Returned
T215,2025-10-30,C16,Maria Clark,FR,P83,Home,2,247.81,Debit Card,Completed
T216,2025-08-08,C175,Joshua Atkins,CA,P150,Sports,4,236.16,Credit Card,Completed
T217,2025-08-18,C198,Mark Reyes,AU,P81,Electronics,3,257.52,PayPal,Cancelled
T218,2026-02-22,C15,Roger Davenport,US,P14,Sports,1,322.17,Debit Card,Returned
T219,2025-06-17,C44,Mrs. Maureen Grant DDS,AU,P116,Sports,2,456.16,UPI,Completed
T220,2025-07-02,C61,Richard Thompson,AU,P13,Home,2,-4.214240196109404,Debit Card,Returned
T221,2025-07-24,,Joseph Robles,FR,P142,Clothing,2,236.34,Credit Card,Returned
T222,2025-10-19,C290,Leah Orozco,UK,P123,Clothing,5,324.31,PayPal,Completed
T223,2025-06-25,C208,Jared Shaw,US,P187,Sports,4,329.82,Credit Card,Cancelled
T224,2026-01-24,C77,Renee Stuart,AU,P25,Books,3,400.84,Debit Card,Returned
T225,2025-12-13,C122,Steven Garcia,IN,P90,Books,3,409.98,Debit Card,Returned
T226,2026-02-21,C192,Joshua Pena,IN,P153,Sports,1,385.31,PayPal,Returned
T227,2025-08-02,C167,Nicholas Underwood,US,P22,Sports,1,160.86,Credit Card,Returned
T228,2025-12-31,C196,John Thomas,IN,P111,Sports,1,163.8,Credit Card,Returned
T229,2025-09-15,C68,Keith Barker,AU,P72,Electronics,5,485.74,PayPal,Returned
T230,2025-10-20,C262,Cynthia Parker,US,P63,Books,1,256.93,PayPal,Returned
T231,2026-03-03,C167,Steven Velazquez,FR,P145,Books,3,130.54,Debit Card,Completed
T232,2025-08-07,C97,Eric Morrow,FR,P126,Home,4,262.06,Credit Card,Returned
T233,2025-12-04,C254,Angela Reed,XYZ,P47,Clothing,5,496.81,Credit Card,Returned
T234,2026-03-01,C46,Christopher Brown,FR,P9,Home,1,124.91,PayPal,Cancelled
T235,2026-02-19,C207,Ronald Peterson,DE,P66,Sports,2,475.95,Debit Card,Cancelled
T236,2025-05-18,C257,Karen Ortega,UK,P158,Clothing,4,-20.649827738293958,Debit Card,Cancelled
T237,2025-08-06,C19,Miss Angela Pratt DDS,UK,P167,Sports,3,173.23,PayPal,Completed
T238,2026-02-15,C270,Jennifer Campbell,DE,P110,Home,3,258.74,UPI,Completed
T239,2026-02-19,C210,Diamond Brooks,DE,P148,Clothing,3,49.9,PayPal,Cancelled
T240,2026-01-12,C222,Crystal Harrison,DE,P27,Electronics,4,363.89,Debit Card,Returned
T241,2025-03-24,C230,Kimberly Coffey,US,P147,Electronics,1,437.36,Debit Card,Completed
T242,2026-01-19,C214,Shannon Banks,CA,P67,Sports,5,42.8,Debit Card,Returned
T243,2025-05-30,C117,Krystal Stanley,DE,P80,Electronics,1,112.48,UPI,Cancelled
T244,2025-12-25,C250,Ana Hall,UK,P168,Clothing,4,19.54,Debit Card,Completed
T245,2025-11-05,C268,Susan Adkins,DE,P115,Electronics,3,475.33,Credit Card,Completed
T246,2025-05-16,C78,Keith Campbell,CA,P56,Home,1,115.68,UPI,Cancelled
T247,2025-08-08,C230,Tyler Wiggins,AU,P85,Electronics,3,166.34,UPI,Returned
T248,2026-01-08,C248,Sarah Adams,CA,P120,Sports,5,131.44,Credit Card,Cancelled
T249,2025-07-10,C265,Nancy Lewis,IN,P24,Clothing,5,188.23,PayPal,Cancelled
T250,2025-11-25,C119,Lisa Bruce,IN,P196,Sports,3,384.64,Credit Card,Cancelled
T251,2026-02-11,C27,Thomas Williams,CA,P157,Electronics,3,19.46,UPI,Returned
T252,2025-08-01,C116,Charles Graves,FR,P134,Sports,2,414.42,Debit Card,Completed
T253,2026-02-20,C33,Jason Romero,CA,P28,Electronics,4,291.06,UPI,Cancelled
T254,2025-09-14,C20,Kimberly Pierce,DE,P112,Clothing,5,484.95,PayPal,Returned
T255,2025-08-18,C270,Brian Roberts,DE,P178,Home,5,388.18,Debit Card,Returned
T256,2025-06-01,C143,Eric Reyes,IN,P41,Home,5,392.31,Credit Card,Cancelled
T257,2026-01-03,C135,Thomas Nguyen,CA,P69,Books,1,429.52,Debit Card,Returned
T258,2025-04-28,C121,Jackie Cummings MD,DE,P2,Home,4,282.25,Credit Card,Completed
T259,2026-02-01,C264,Julie Mills,US,P137,Electronics,2,448.88,Debit Card,Completed
T260,2025-10-31,C179,Daniel Smith,US,P21,Books,-3,377.48,Debit Card,Cancelled
T261,2025-04-13,C213,Jennifer Strong,US,P145,Clothing,2,28.35,Debit Card,Returned
T262,2025-11-15,C213,Jeffrey Martinez,DE,P113,Sports,1,280.61,UPI,Completed
T263,2025-04-16,C212,Michael Calderon,DE,P83,Electronics,4,46.25,Debit Card,Completed
T264,2025-11-09,C7,Stephen Meyers,DE,P11,Sports,2,380.92,Debit Card,Completed
T265,2025-08-24,C45,Carl Santos,AU,P37,Books,4,224.55,Credit Card,Cancelled
T266,2025-06-17,C228,Teresa Gray,IN,P123,Books,2,188.3,Credit Card,Completed
T267,2026-02-19,C220,Gregory Vazquez,US,P158,Home,1,342.93,Credit Card,Cancelled
T268,2025-07-14,C10,Patricia Sims,CA,P19,Electronics,3,355.24,Debit Card,Completed
T269,2026-01-28,C251,Steven Jacobs,UK,P198,Sports,5,46.92,Credit Card,Cancelled
T270,2025-04-16,C141,Taylor Rodriguez,AU,P193,Sports,2,486.8,Credit Card,Completed
T271,2025-09-28,C60,Brenda Hernandez,FR,P13,Home,5,173.47,Credit Card,Returned
T272,2025-06-24,C99,Adriana Cooper,FR,P39,Home,5,388.61,UPI,Completed
T273,2026-02-16,C166,Madeline Fleming,UK,P49,Sports,1,87.87,PayPal,Completed
T274,2025-05-15,C42,Scott Nelson,US,P191,Clothing,3,364.86,UPI,Cancelled
T275,2025-05-20,C51,Cheryl Harris,UK,P194,Home,1,499.7,UPI,Returned
T276,2026-01-15,C48,Dustin Wilson,DE,P181,Sports,3,45.45,PayPal,Completed
T277,2026-02-11,C73,Elizabeth Harper,US,P109,Books,3,106.93,Credit Card,Cancelled
T278,2025-10-13,C91,Jessica Lambert,FR,P48,Home,1,310.11,Credit Card,Completed
T279,2025-11-02,C70,Michael Knight,DE,P36,Home,4,129.77,PayPal,Returned
T280,2025-07-26,C58,Johnny Copeland,CA,P112,Electronics,1,195.52,PayPal,Completed
T281,2025-07-06,C168,Tiffany Castro,FR,P84,Books,5,229.28,UPI,Completed
T282,2025-05-31,C73,Kim Sanchez,UK,P42,Sports,5,478.06,PayPal,Cancelled
T283,2025-04-21,C7,Robert Foley,US,P14,Electronics,4,264.39,UPI,Completed
T284,2026-01-31,C26,Paula Cardenas,FR,P142,Home,3,84.55,UPI,Returned
T285,2025-05-11,C102,Eric Klein,CA,P51,Clothing,5,430.98,Debit Card,Returned
T286,2026-01-05,C180,Joseph Peterson,UK,P43,Sports,3,459.15,Debit Card,Cancelled
T287,2025-05-13,C17,Patrick Khan,IN,P173,Sports,5,261.13,Debit Card,Cancelled
T288,2025-11-25,C149,Jillian Smith,FR,P153,Books,4,436.08,UPI,Completed
T289,2025-04-27,C264,Mr. Michael Cruz DDS,IN,P132,Books,1,278.55,UPI,Returned
T290,2025-05-01,C66,Juan Duke,IN,P68,Books,5,454.44,PayPal,Cancelled
T291,2025-04-20,C179,Kimberly King,UK,P185,Clothing,3,13.36,Credit Card,Returned
T292,2025-09-04,C248,James Nixon,AU,P43,Sports,5,21.81,UPI,Returned
T293,2025-05-07,C154,Jason Morris,UK,P79,Sports,4,412.25,UPI,Completed
T294,2025-11-03,C141,Jacob Thompson,US,P104,Sports,3,59.54,PayPal,Completed
T295,2025-09-16,C176,Belinda Weeks,AU,P175,Clothing,4,288.45,UPI,Completed
T296,2025-10-14,C14,Jeremiah Jones,AU,P183,Sports,5,388.69,Debit Card,Returned
T297,2025-08-05,C23,Anthony Robinson,FR,P130,Sports,2,13.72,UPI,Returned
T298,2026-03-04,C77,Scott Patterson,CA,P156,Sports,2,228.7,UPI,Returned
T299,2025-06-28,C258,Javier King,DE,P87,Books,4,202.86,UPI,Cancelled
T300,2025-03-17,C82,Joyce Blackburn,FR,P190,Books,3,167.97,Debit Card,Cancelled
T301,2025-07-30,C110,Kelly Larson,UK,P113,Clothing,5,155.26,Credit Card,Completed
T302,2026-02-15,C36,Nicole Weaver,US,P108,Home,5,232.32,Debit Card,Returned
T303,2025-04-22,C247,Jeremiah Burnett,DE,P163,Clothing,2,372.67,Credit Card,Cancelled
T304,2025-05-05,C98,David Flores,IN,P104,Electronics,5,265.24,Debit Card,Cancelled
T305,2025-03-16,C274,Stacey Campbell,CA,P110,Sports,3,85.52,Debit Card,Completed
T306,2026-02-06,C247,Elizabeth Martinez,UK,P171,Clothing,2,478.59,Credit Card,Completed
T307,2025-10-22,C258,Kathryn Barron,US,P115,Clothing,2,185.58,Debit Card,Returned
T308,2025-05-20,C55,Julie Brown,UK,P69,Sports,1,328.2,PayPal,Cancelled
T309,2025-11-09,C43,Travis Bates,FR,P105,Clothing,1,301.55,PayPal,Cancelled
T310,2025-06-09,C165,Ricky Adams,UK,P87,Electronics,3,111.96,Debit Card,Returned
T311,2025-06-06,C260,Jeremiah Bailey,DE,P61,Electronics,5,-63.076273247173546,Credit Card,Returned
T312,2025-08-20,C186,Martin Bailey,UK,P14,Clothing,1,421.43,UPI,Returned
T313,2025-05-15,C100,Andrea Davis,FR,P11,Home,5,257.34,Debit Card,Returned
T314,2025-07-02,C244,Joseph Miller,AU,P56,Clothing,1,98.94,Debit Card,Cancelled
T315,2026-02-05,C178,Marc Rodriguez,CA,P72,Books,-1,12.35,Debit Card,Returned
T316,2025-08-15,C198,Richard Jenkins,AU,P60,Sports,2,489.08,UPI,Returned
T317,2025-11-24,C140,Jason French,US,P67,Sports,3,141.33,Credit Card,Returned
T318,2025-11-08,C113,Christopher Dalton,CA,P192,Books,3,296.59,Credit Card,Returned
T319,2026-01-17,C293,Monica Oconnor,AU,P87,Sports,2,409.74,PayPal,Cancelled
T320,2025-07-03,C232,Emily Ford,UK,P196,Clothing,3,203.69,UPI,Completed
T321,2025-04-21,C240,Edward Henderson,DE,P188,Sports,1,459.51,Debit Card,Cancelled
T322,2026-02-01,C149,Cory Garner,DE,P25,Books,3,320.2,Credit Card,Completed
T323,2025-08-13,C43,Sean Webb,AU,P190,Sports,4,195.87,Debit Card,Completed
T324,2026-01-11,C289,Jennifer Guerrero,US,P114,Electronics,4,484.33,Credit Card,Returned
T325,2025-09-02,C265,Kenneth Nguyen,CA,P64,Clothing,4,128.48,UPI,Completed
T326,2026-01-16,C217,Valerie Thompson,US,P195,Books,3,376.83,Credit Card,Completed
T327,2025-07-17,C190,Jared Villanueva,FR,P187,Sports,2,81.98,UPI,Completed
T328,2025-12-09,C192,Jeremy Johnson,US,P45,Books,2,276.54,UPI,Completed
T329,2025-11-18,C18,Robert Proctor,CA,P19,Home,1,245.71,Credit Card,Cancelled
T330,2025-04-04,C240,Veronica Crawford,FR,P180,Home,4,451.3,Debit Card,Completed
T331,2025-09-06,C19,Lauren Henderson,UK,P37,Clothing,3,235.26,Debit Card,Cancelled
T332,2025-11-21,C229,Veronica Walsh,FR,P126,Electronics,2,389.36,Debit Card,Completed
T333,2025-03-07,C246,Juan Morrow,DE,P1,Home,2,10.99,UPI,Completed
T334,2026-01-15,C72,Dr. Steven Shah DDS,UK,P51,Home,5,71.47,UPI,Cancelled
T335,2025-10-08,C205,Luke Harvey,IN,P114,Home,5,12.79,PayPal,Returned
T336,2026-03-01,C143,Nicole Patton,CA,P20,Sports,1,294.16,PayPal,Returned
T337,2026-02-22,C28,Cynthia Fisher,CA,P26,Sports,2,456.21,PayPal,Cancelled
T338,2026-02-15,C43,Wendy Thomas,DE,P167,Electronics,2,384.18,PayPal,Returned
T339,2025-08-22,C104,Stephanie Holland,FR,P118,Books,2,325.21,PayPal,Returned
T340,2025-06-21,C106,Cody Dillon,CA,P187,Electronics,1,-32.423199566098006,Debit Card,Returned
T341,2025-12-24,C197,Dustin Baker,UK,P18,Home,2,416.3,Debit Card,Completed
T342,2026-01-22,C226,Elizabeth Callahan,FR,P194,Electronics,1,228.77,Credit Card,Completed
T343,2025-03-28,C229,Lori Tucker,IN,P121,Books,3,276.59,UPI,Cancelled
T344,2025-10-17,C170,Mr. David Smith DDS,CA,P199,Sports,5,467.85,Credit Card,Cancelled
T345,2025-06-09,C203,Vickie Mayo,AU,P2,Sports,4,337.25,PayPal,Cancelled
T346,2025-04-15,C71,Jennifer Scott,XYZ,P192,Clothing,4,433.55,PayPal,Completed
T347,2025-12-24,C115,Kevin Frye,UK,P77,Sports,4,286.07,Debit Card,Cancelled
T348,2025-09-11,C92,Bryce Olsen,DE,P137,Home,3,54.7,PayPal,Completed
T349,2025-08-31,C76,Dennis Wilson,CA,P74,Electronics,5,21.76,Credit Card,Returned
T350,2025-05-31,C271,Robin Walker,XYZ,P38,Sports,2,45.32,Credit Card,Returned
T351,2025-11-05,C299,Stephanie Day,IN,P59,Home,3,397.26,PayPal,Completed
T352,2025-04-12,,Henry House,US,P190,Home,3,120.11,PayPal,Cancelled
T353,2025-04-19,C178,Lisa Wright,DE,P192,Clothing,2,421.96,UPI,Cancelled
T354,2025-03-05,C139,Thomas Davila,DE,P90,Home,1,390.66,PayPal,Cancelled
T355,2025-04-28,C150,Danny Bates,FR,P77,Clothing,4,321.97,Credit Card,Returned
T356,2025-07-08,C279,Taylor Robertson,IN,P118,Electronics,2,270.05,UPI,Returned
T357,2025-06-23,C49,John Stone,IN,P193,Electronics,5,366.6,Debit Card,Completed
T358,2025-11-15,C55,Christina Schmidt,DE,P65,Clothing,2,42.99,Debit Card,Completed
T359,2025-04-23,C197,Pamela Hernandez,CA,P167,Books,4,96.81,Credit Card,Returned
T360,2026-02-16,C135,Jennifer Campbell,FR,P81,Clothing,1,251.61,UPI,Completed
T361,2025-06-09,C40,George Torres,AU,P172,Books,2,163.32,PayPal,Returned
T362,2026-01-06,C144,Taylor Smith,DE,P4,Clothing,2,146.89,UPI,Completed
T363,2025-08-26,C150,Tracey Anderson DDS,CA,P75,Electronics,5,171.22,Credit Card,Completed
T364,2025-09-25,C178,William Obrien,IN,P128,Clothing,2,216.72,Credit Card,Returned
T365,2026-02-08,C10,Linda Richardson,US,P90,Electronics,3,286.31,Debit Card,Cancelled
T366,2025-08-11,C192,Derek Martin,AU,P20,Sports,2,224.14,Debit Card,Returned
T367,2025-11-03,C2,Kimberly Johnson,UK,P184,Sports,5,190.02,PayPal,Completed
T368,2025-11-13,C163,Elizabeth Reyes,IN,P121,Home,2,398.65,Debit Card,Returned
T369,2026-01-08,C115,Alexis Gonzalez,FR,P139,Books,5,408.98,Debit Card,Cancelled
T370,2025-05-16,C73,Phillip Miller,CA,P60,Clothing,2,361.91,PayPal,Cancelled
T371,2026-01-05,C261,Elizabeth Brewer,IN,P125,Home,5,369.92,Debit Card,Returned
T372,2025-08-21,C229,Christine Ponce,AU,P125,Clothing,4,122.34,Debit Card,Completed
T1,2025-11-17,C93,Natalie Mason,IN,P196,Sports,2,341.02,PayPal,Cancelled
T374,2025-04-26,C151,David Sanders,IN,P170,Clothing,2,475.91,Credit Card,Returned
T375,2026-04-05 22:39:44.645389,C246,Timothy Herrera,FR,P64,Sports,2,309.38,Credit Card,Completed
T376,2025-05-30,C37,Samuel Kennedy,IN,P19,Sports,5,64.51,Debit Card,Cancelled
T377,2025-04-04,C200,Stacey Brown,UK,P197,Sports,2,269.08,PayPal,Cancelled
T378,2026-01-06,C173,Ryan Shepherd,CA,P135,Home,4,39.46,Debit Card,Returned
T379,2025-06-29,C155,James Hayes,DE,P113,Home,5,36.34,UPI,Returned
T380,2025-07-18,C292,James Herman,DE,P193,Sports,1,58.85,PayPal,Returned
T381,2025-11-26,C282,Amanda Harris,FR,P81,Clothing,2,127.01,Debit Card,Cancelled
T382,2025-09-04,C279,Tristan Lopez,AU,P79,Clothing,1,232.73,PayPal,Cancelled
T383,2025-10-22,C69,Preston Holmes,AU,P74,Clothing,2,321.31,UPI,Cancelled
T384,2025-10-02,C57,Nicole Nichols,US,P132,Books,2,400.18,Credit Card,Completed
T385,2025-09-12,C85,Jenny Thompson,DE,P97,Books,1,165.21,Credit Card,Cancelled
T386,2025-08-30,C104,Christian Reyes,FR,P85,Electronics,4,480.24,PayPal,Completed
T387,2025-12-17,C39,Andrea Welch,CA,P75,Sports,1,435.13,UPI,Cancelled
T388,2026-02-16,C272,Christopher Garcia,DE,P22,Home,4,305.39,UPI,Cancelled
T389,2025-10-14,C193,Gwendolyn Andrade,US,P151,Clothing,3,264.02,UPI,Completed
T390,2025-10-22,C98,Laura Anderson,CA,P126,Sports,1,439.84,PayPal,Returned
T391,2025-06-20,C132,Manuel Holt,UK,P149,Home,3,171.82,Credit Card,Cancelled
T392,2025-09-23,C221,Timothy Cook,IN,P114,Clothing,1,293.33,UPI,Cancelled
T393,2025-07-03,C215,Scott Steele,US,P109,Sports,3,106.3,Debit Card,Completed
T394,2025-09-03,C218,Samantha Perez,DE,P147,Books,1,77.34,PayPal,Returned
T395,2026-02-25,C141,Caroline Bowen,DE,P106,Books,4,494.43,Credit Card,Returned
T396,2025-07-14,C107,Rebecca Carroll,UK,P81,Books,3,341.27,UPI,Completed
T397,2025-06-20,C177,Jeremy Harris,XYZ,P113,Clothing,1,449.22,UPI,Returned
T398,2025-09-03,C249,Justin Graham,AU,P131,Sports,4,324.9,Debit Card,Returned
T399,2025-08-07,C284,Ann Garcia,DE,P187,Electronics,1,98.3,PayPal,Cancelled
T400,2025-03-06,C284,Brett Alvarez,US,P176,Books,2,356.3,Debit Card,Returned
T401,2025-03-08,C30,Christopher Graham,UK,P15,Clothing,2,125.15,UPI,Cancelled
T402,2025-10-08,C207,Bryan Campbell,US,P2,Sports,4,180.12,Debit Card,Completed
T403,2025-08-13,C27,Stuart Ross,IN,P98,Clothing,3,490.76,Credit Card,Cancelled
T404,2025-05-14,C127,Samantha Hughes,AU,P99,Clothing,1,453.55,Credit Card,Returned
T405,2025-07-26,C197,Amy Fox,CA,P78,Books,2,118.48,Credit Card,Returned
T406,2025-09-19,C3,Richard Holmes,CA,P126,Electronics,3,230.35,Credit Card,Completed
T407,2025-09-24,C41,Amy Greene,AU,P191,Home,5,201.31,Credit Card,Cancelled
T408,2025-11-02,C58,Catherine Thompson,FR,P2,Clothing,5,43.75,Debit Card,Cancelled
T409,2025-06-29,C198,Shannon Hernandez,IN,P62,Books,4,347.37,PayPal,Completed
T410,2025-07-01,C12,Christopher Keith,CA,P19,Books,4,412.98,Credit Card,Cancelled
T411,2025-08-23,C150,Emily Rodriguez,FR,P147,Clothing,2,482.37,PayPal,Returned
T412,2026-01-05,C237,Christopher Brown,IN,P18,Clothing,1,341.25,Credit Card,Returned
T413,2025-03-22,C63,Chad Williams,US,P93,Clothing,3,241.45,UPI,Completed
T414,2025-12-07,C179,Jennifer Hernandez,FR,P49,Electronics,5,10.3,UPI,Completed
T415,2025-10-10,C237,Marcus Fischer,AU,P161,Sports,5,63.99,Credit Card,Cancelled
T416,2025-09-08,C169,Kimberly Harris,IN,P110,Home,4,446.48,Debit Card,Returned
T417,2025-06-23,C160,Kristi Gill,XYZ,P185,Electronics,4,420.12,UPI,Completed
T418,2026-02-09,C68,Dr. Gary Gross,AU,P66,Clothing,3,300.34,UPI,Returned
T419,2025-09-05,C295,Emily Hudson,US,P132,Home,5,266.89,UPI,Returned
T420,2026-01-10,C250,Kenneth Fuentes,AU,P50,Clothing,2,322.82,Debit Card,Returned
T421,2025-04-17,C98,Barbara Vaughan MD,FR,P17,Books,2,307.09,PayPal,Cancelled
T422,2025-03-12,C35,Wyatt Woods,UK,P170,Electronics,3,99.71,PayPal,Completed
T423,2025-05-17,C238,Patrick Olson,DE,P31,Electronics,4,75.4,UPI,Completed
T424,2026-01-25,C17,Andrew Bell,IN,P144,Sports,2,255.02,PayPal,Cancelled
T425,2026-02-18,C285,Robin Harris,FR,P111,Sports,3,167.23,PayPal,Returned
T426,2025-06-20,C57,Deborah Meza,CA,P72,Sports,4,356.24,PayPal,Returned
T427,2025-06-20,C187,Laura Curry,FR,P38,Home,5,331.62,Credit Card,Cancelled
T428,2025-09-16,C120,Cody Jones,IN,P115,Electronics,4,145.42,Credit Card,Completed
T429,2026-02-03,C284,Joseph Johnson,UK,P98,Electronics,4,324.4,PayPal,Completed
T430,2026-02-06,C215,Stephanie Perez,CA,P2,Sports,4,494.34,Debit Card,Completed
T431,2025-03-19,C145,Gregory Powell,AU,P144,Home,2,152.47,UPI,Completed
T432,2025-08-02,C248,Kenneth Cobb,FR,P26,Clothing,3,297.59,PayPal,Cancelled
T433,2025-11-13,C254,Julie Lin,IN,P133,Clothing,1,351.9,PayPal,Completed
T434,2025-07-15,C59,Brad Vega,CA,P160,Books,3,420.9,Credit Card,Returned
T435,2025-05-25,C221,Shelby Watts,UK,P166,Sports,2,135.3,UPI,Cancelled
T436,2026-01-23,,Joseph Hill,DE,P83,Electronics,3,200.56,UPI,Cancelled
T437,2025-06-26,C271,Brittany Wong,CA,P192,Home,4,283.0,Debit Card,Returned
T438,2026-02-13,C230,Valerie Mathews,DE,P28,Books,3,182.19,Debit Card,Returned
T439,2025-04-27,C107,Margaret Mitchell,UK,P48,Clothing,3,222.46,UPI,Returned
T440,2025-04-08,C278,Michael Hill,AU,P87,Sports,5,246.63,PayPal,Cancelled
T441,2025-05-13,C187,Emily Jones,AU,P139,Clothing,2,57.0,Debit Card,Completed
T442,2025-08-09,C103,Tina Collins,US,P197,Electronics,1,184.73,Credit Card,Completed
T443,2025-12-10,C188,Maria Huffman,FR,P46,Clothing,5,477.26,Debit Card,Cancelled
T444,2025-08-01,C37,Eric Anderson,FR,P129,Clothing,1,260.89,Debit Card,Completed
T445,2025-09-21,C285,Kenneth Gilmore,UK,P12,Clothing,1,327.3,Credit Card,Returned
T446,2025-07-17,C59,Cathy Carlson,FR,P5,Clothing,3,366.39,PayPal,Cancelled
T447,2025-06-20,C133,Jessica Mathis,DE,P167,Home,4,276.46,Credit Card,Returned
T448,2025-07-21,C284,Jeffery Ortiz,DE,P89,Electronics,3,335.0,Credit Card,Completed
T449,2026-02-03,C136,Michele Mullins,DE,P10,Electronics,1,101.13,PayPal,Completed
T450,2025-10-10,C269,Kevin Carter,IN,P120,Books,1,431.81,Debit Card,Cancelled
T451,2025-10-03,C56,Anna Thompson,FR,P135,Books,2,128.65,PayPal,Completed
T1,2025-10-01,C11,Matthew Jarvis,AU,P25,Books,3,205.25,UPI,Returned
T453,2026-01-09,C47,Mason Anderson,UK,P197,Home,3,18.62,Credit Card,Cancelled
T454,2025-06-16,C9,Shannon Robinson,UK,P190,Home,3,168.69,Debit Card,Returned
T455,2026-02-15,C55,Kenneth Simmons,CA,P18,Sports,3,273.65,Debit Card,Cancelled
T456,2025-10-11,C212,Jared Nguyen,AU,P71,Books,2,372.45,Debit Card,Returned
T457,2026-02-26,C283,Ashley Lopez,DE,P105,Home,5,126.78,UPI,Cancelled
T458,2025-06-29,C253,Patricia Lee,FR,P120,Sports,2,215.31,PayPal,Returned
T459,2025-05-24,C195,Heather English,US,P66,Home,4,306.82,Debit Card,Returned
T460,2025-09-14,C94,Sophia Taylor,CA,P102,Books,5,191.37,Debit Card,Cancelled
T461,2025-08-17,C219,Robert Hunter,US,P55,Sports,1,157.31,PayPal,Cancelled
T462,2025-06-17,C102,Carrie Green,AU,P196,Electronics,5,146.08,Credit Card,Cancelled
T463,2025-03-31,C189,Lisa Hall,UK,P196,Sports,1,49.52,UPI,Cancelled
T464,2025-07-22,,Andre Stephens,XYZ,P153,Sports,1,498.03,PayPal,Cancelled
T465,2025-08-12,C171,Austin Ramos,CA,P124,Electronics,5,409.06,PayPal,Returned
T466,2025-11-14,C259,Jennifer Sanders,FR,P176,Electronics,1,34.01,PayPal,Returned
T467,2026-04-05 22:39:44.645203,C276,Nicholas Delgado,AU,P89,Home,5,297.95,PayPal,Returned
T468,2025-05-28,C175,Robert James,DE,P183,Home,2,19.15,Debit Card,Cancelled
T469,2026-01-29,C194,Kimberly Harris,DE,P148,Sports,4,469.64,Debit Card,Returned
T470,2025-12-12,C298,Nicole Lewis,AU,P93,Clothing,1,80.13,Credit Card,Cancelled
T471,2025-04-21,C289,Eric Joseph,CA,P114,Sports,5,378.34,Credit Card,Returned
T472,2025-08-10,C96,Micheal Huff,AU,P8,Clothing,4,165.72,Credit Card,Completed
T473,2025-05-11,C94,Eric Flynn,DE,P64,Clothing,1,217.49,Debit Card,Completed
T474,2025-12-20,C227,Kathy Williams,US,P117,Sports,2,467.36,Debit Card,Returned
T1,2025-08-22,C214,Christopher Boyd,CA,P166,Sports,5,206.91,Debit Card,Completed
T476,2025-09-17,C108,Jeffrey Mendoza,CA,P162,Books,2,298.6,UPI,Completed
T477,2026-02-22,C140,Luis Smith,FR,P4,Electronics,3,336.04,UPI,Completed
T478,2025-05-25,C291,Anthony Foster,US,P200,Electronics,2,248.81,PayPal,Completed
T479,2025-08-18,C108,Jonathan Hopkins,IN,P185,Electronics,5,56.45,Debit Card,Cancelled
T480,2025-06-03,C75,Travis Carson,DE,P73,Sports,1,263.12,PayPal,Completed
T481,2025-08-09,C140,Jason Harris,FR,P126,Books,1,95.07,PayPal,Completed
T482,2025-10-09,C94,Nicholas Gonzales,AU,P45,Electronics,1,134.67,Debit Card,Returned
T483,2025-04-24,C112,Jonathan Oliver,AU,P93,Electronics,1,431.46,Credit Card,Returned
T484,2025-12-24,C208,Lori Mueller,DE,P196,Home,1,-39.65454204425939,Debit Card,Cancelled
T485,2025-11-19,C187,Robin Parker,US,P123,Clothing,4,215.36,PayPal,Cancelled
T486,2025-08-08,C116,Sean Howard,FR,P193,Home,3,461.56,PayPal,Returned
T487,2025-06-03,C250,Benjamin Pitts,FR,P127,Electronics,2,80.04,Credit Card,Returned
T488,2025-08-13,C195,Erin Carroll,CA,P79,Books,5,455.79,UPI,Returned
T489,2025-07-16,C85,Steven Wolfe,CA,P95,Books,5,238.22,Credit Card,Returned
T490,2025-08-18,C111,Karen Swanson,XYZ,P167,Electronics,4,86.99,Credit Card,Cancelled
T491,2025-12-15,C46,David Dorsey MD,US,P107,Clothing,1,271.44,Credit Card,Completed
T492,2025-10-10,C191,Elizabeth Moore,US,P17,Sports,5,431.27,PayPal,Returned
T493,2025-09-23,C54,Danielle Haas,CA,P9,Clothing,3,451.28,PayPal,Cancelled
T494,2025-07-29,C171,Amber Patterson,UK,P150,Books,4,479.11,Credit Card,Cancelled
T495,2025-03-22,C82,Emily Jenkins,AU,P41,Home,5,218.99,PayPal,Completed
T1,2025-07-02,C160,Andre Scott,FR,P175,Books,1,166.75,Debit Card,Cancelled
T497,2025-04-26,C174,Cheryl Love,IN,P102,Books,2,408.15,Debit Card,Returned
T498,2026-01-05,C229,Kevin Sullivan,IN,P54,Electronics,4,257.85,UPI,Returned
T499,2025-11-22,C184,Brandy Spencer,DE,P195,Electronics,2,24.44,UPI,Completed
T500,2025-10-19,C158,Brian Ramirez,US,P46,Electronics,2,439.79,UPI,Returned
T501,2025-08-10,C25,Rachel White,DE,P193,Books,1,226.28,PayPal,Completed
T502,2025-07-03,C274,Daniel Downs,CA,P137,Books,2,423.92,Credit Card,Returned
T503,2025-03-14,,Kimberly Webb,UK,P156,Books,2,358.66,Credit Card,Returned
T504,2026-01-22,C166,Lisa Garza,IN,P200,Clothing,3,55.81,PayPal,Returned
T505,2025-12-20,C234,Ian Nolan,UK,P186,Home,3,301.09,UPI,Completed
T506,2025-04-17,C159,Jeanette Thompson,FR,P123,Books,1,296.49,Credit Card,Completed
T507,2025-06-25,C63,Shannon Nixon,UK,P11,Sports,1,385.85,PayPal,Returned
T1,2025-05-13,C44,James Price,AU,P75,Home,1,132.04,UPI,Cancelled
T509,2026-02-04,C226,Janice Mcconnell,IN,P124,Books,3,385.93,Debit Card,Returned
T510,2025-05-07,C166,Derrick Williams,US,P84,Home,5,412.71,PayPal,Returned
T511,2025-12-20,C106,Cassandra Shaw,UK,P187,Sports,5,238.92,Credit Card,Cancelled
T512,2025-03-26,C277,Michelle Chambers,US,P133,Sports,5,131.07,PayPal,Returned
T513,2025-05-09,C14,Stephen Thomas DDS,UK,P7,Sports,3,417.57,Credit Card,Returned
T514,2025-06-06,C221,Margaret Webb,US,P182,Home,1,323.05,Credit Card,Completed
T515,2025-09-30,C225,Samantha Watson,CA,P92,Electronics,2,21.45,UPI,Cancelled
T516,2025-05-24,C183,Eddie Melendez,FR,P42,Electronics,2,281.0,Credit Card,Returned
T517,2026-04-05 22:39:44.645264,C136,Richard Wilson,DE,P109,Home,5,314.72,UPI,Completed
T518,2025-05-07,C234,Katherine Williams,DE,P10,Books,4,144.66,UPI,Cancelled
T1,2025-05-24,C135,Tammy Holt,AU,P107,Electronics,4,191.24,Credit Card,Completed
T520,2025-04-16,C122,Diamond Salazar,CA,P143,Clothing,4,313.04,PayPal,Returned
T521,2025-08-01,C120,Jennifer Clark,US,P141,Sports,1,53.66,Credit Card,Completed
T522,2025-05-30,C141,Robert Lane,DE,P192,Clothing,1,389.81,PayPal,Returned
T523,2026-03-03,C68,Thomas Guerrero,FR,P143,Electronics,2,201.21,Debit Card,Completed
T524,2025-06-12,C191,Kimberly Novak,IN,P13,Home,2,353.35,UPI,Returned
T525,2025-04-21,C83,Patricia Stark,CA,P78,Home,3,50.18,Debit Card,Returned
T526,2025-07-20,C291,Jose Turner,DE,P39,Electronics,-2,103.35,Debit Card,Returned
T527,2025-05-03,C115,Jennifer Larson,UK,P177,Electronics,5,226.47,PayPal,Completed
T528,2025-03-22,C60,Joshua Jones,DE,P131,Home,5,369.16,PayPal,Returned
T529,2025-10-18,C10,Haley Knight,AU,P188,Home,2,186.34,UPI,Completed
T530,2025-11-22,C76,Robert Harris,AU,P182,Home,5,21.3,UPI,Returned
T531,2025-12-05,C191,Leslie Smith,IN,P150,Books,-5,61.06,PayPal,Returned
T532,2025-10-31,C97,Richard Smith Jr.,IN,P108,Home,4,302.13,UPI,Completed
T533,2025-04-01,C173,Crystal Perry,US,P24,Sports,2,356.62,Debit Card,Cancelled
T534,2026-03-01,C162,Matthew Ellis,US,P48,Clothing,5,93.49,Credit Card,Cancelled
T535,2025-05-30,C215,Richard Jones,CA,P182,Home,5,429.91,Debit Card,Returned
T536,2025-06-22,C230,Holly Guzman,FR,P174,Home,4,380.89,PayPal,Returned
T1,2026-01-18,C76,Jennifer Anderson,CA,P62,Clothing,3,492.0,UPI,Returned
T538,2025-12-09,C90,Kristina Clark,AU,P62,Home,5,194.85,PayPal,Cancelled
T539,2025-08-09,C270,Katherine Dunlap,UK,P37,Books,4,234.16,PayPal,Returned
T540,2026-01-05,C135,Shawn Martin,US,P163,Home,2,256.34,PayPal,Returned
T541,2025-03-15,C249,Paige Walker,DE,P93,Clothing,3,273.24,PayPal,Completed
T542,2025-03-06,C7,Justin Graham,CA,P99,Clothing,3,464.13,UPI,Completed
T543,2025-03-25,C20,Tanya Harris,UK,P97,Home,3,379.74,Credit Card,Cancelled
T544,2025-05-01,C134,David Russell,AU,P67,Home,4,361.91,Credit Card,Completed
T545,2025-03-10,C152,Ronald Callahan,CA,P154,Home,1,164.48,Debit Card,Cancelled
T546,2025-08-01,C34,John Moses,AU,P200,Sports,4,81.02,Credit Card,Completed
T547,2026-01-19,C171,Brittany Austin,CA,P27,Sports,1,115.14,Credit Card,Returned
T548,2025-11-13,C59,Diane Pena,DE,P15,Clothing,2,127.5,PayPal,Returned
T549,2026-01-18,C195,Joel Thompson,IN,P108,Sports,4,162.11,Credit Card,Cancelled
T550,2026-03-04,C123,Ashley Cuevas,DE,P81,Home,5,138.17,Credit Card,Cancelled
T551,2025-03-16,,Brittany Newman,UK,P140,Sports,5,189.83,PayPal,Cancelled
T552,2025-08-13,C16,Jeremy Haney,IN,P108,Home,5,461.36,Credit Card,Cancelled
T553,2025-11-01,C51,Daniel Meyer,UK,P98,Electronics,1,95.49,Credit Card,Completed
T554,2025-06-28,C26,Alicia Lewis,US,P44,Books,3,211.91,Credit Card,Cancelled
T555,2025-10-25,C247,Randy Schroeder,CA,P162,Sports,3,60.61,PayPal,Cancelled
T556,2025-12-18,C162,Krystal Harris,UK,P195,Sports,2,68.34,Credit Card,Cancelled
T557,2025-11-10,C15,Anthony Robinson,AU,P81,Sports,3,203.7,PayPal,Completed
T558,2025-10-11,C283,Andrew Daniel,IN,P46,Clothing,2,233.45,Debit Card,Completed
T559,2025-12-28,C85,Teresa Houston,FR,P19,Sports,2,215.06,Debit Card,Returned
T560,2025-03-23,C133,Andrew Butler,CA,P2,Home,4,290.26,Debit Card,Cancelled
T561,2025-06-06,,Jeffrey Williams,UK,P133,Sports,5,210.02,PayPal,Returned
T562,2025-07-27,C18,Jennifer Williams,US,P104,Books,1,146.36,Debit Card,Cancelled
T563,2026-01-26,C101,Shelly Bean,IN,P158,Clothing,3,488.57,Debit Card,Cancelled
T564,2025-05-17,C70,Jeffrey Kim,UK,P63,Clothing,2,417.63,Debit Card,Completed
T565,2026-04-05 22:39:44.645225,C132,Becky Farmer,US,P2,Home,4,192.03,UPI,Returned
T566,2026-01-29,C70,Katherine Marshall,US,P151,Electronics,1,46.95,PayPal,Completed
T567,2025-10-24,C52,John Yates,AU,P168,Electronics,3,150.56,UPI,Cancelled
T568,2025-08-01,C115,Robert Yoder,US,P172,Home,2,344.09,UPI,Returned
T569,2025-04-21,C168,Richard Durham,IN,P27,Clothing,1,496.75,UPI,Completed
T570,2025-11-09,C191,Randall Johnson,CA,P60,Clothing,3,113.47,Debit Card,Cancelled
T571,2025-05-23,C72,Carol Phillips,CA,P162,Electronics,3,441.48,Credit Card,Completed
T572,2026-01-06,C177,Leslie Morris,US,P120,Sports,1,414.96,UPI,Returned
T573,2025-03-21,C51,Donald Serrano,UK,P11,Electronics,3,361.25,Debit Card,Completed
T574,2025-11-26,C53,Tyler Tyler,FR,P106,Sports,3,459.04,PayPal,Returned
T575,2026-02-19,C59,Sarah Floyd,AU,P139,Books,-1,427.31,Debit Card,Returned
T576,2025-03-20,C113,Kendra Griffin,FR,P2,Clothing,2,209.04,Debit Card,Completed
T577,2025-12-17,C30,Lauren Taylor,US,P92,Books,3,216.97,PayPal,Cancelled
T578,2025-07-20,C40,Gina Wilson,CA,P143,Clothing,3,209.87,Credit Card,Completed
T579,2025-03-31,C191,Randy Munoz,IN,P166,Electronics,4,399.78,Credit Card,Cancelled
T580,2026-02-20,C56,Michelle Schroeder,US,P52,Books,2,329.15,Credit Card,Returned
T581,2025-09-30,C296,Victoria Smith,UK,P57,Clothing,3,224.79,PayPal,Cancelled
T582,2025-09-03,C52,Austin Reyes,FR,P187,Sports,1,287.82,PayPal,Cancelled
T583,2026-02-12,C48,Robert Hartman,CA,P127,Clothing,5,418.62,UPI,Returned
T584,2025-09-24,C247,Kayla Palmer,CA,P53,Electronics,1,224.11,Credit Card,Completed
T585,2026-02-08,C145,Lance Smith,IN,P43,Home,3,480.77,UPI,Returned
T586,2025-03-09,C114,Cynthia Carter,DE,P50,Home,1,487.56,Debit Card,Completed
T587,2025-12-26,C256,Matthew Spencer,US,P53,Electronics,1,182.72,Debit Card,Completed
T588,2025-09-13,C155,John Perkins,CA,P128,Clothing,1,313.89,PayPal,Cancelled
T589,2025-08-20,C185,Mark Cooper,FR,P191,Clothing,3,193.02,Debit Card,Cancelled
T590,2025-07-18,C143,Dalton Young,US,P160,Sports,5,60.92,Credit Card,Returned
T591,2025-03-07,C44,Joseph Richardson,AU,P122,Home,4,441.78,PayPal,Cancelled
T592,2026-04-05 22:39:44.645929,C39,Norma Foster,CA,P151,Sports,4,346.77,UPI,Cancelled
T593,2025-08-13,C127,Joshua Wilson,IN,P49,Clothing,3,475.29,Credit Card,Returned
T594,2025-06-19,C125,Derek Walker,AU,P4,Home,-1,113.27,Credit Card,Returned
T595,2026-01-31,C8,Steven Smith,IN,P110,Home,1,40.83,Debit Card,Completed
T596,2025-08-13,C244,Christopher Smith,FR,P133,Books,3,491.78,PayPal,Cancelled
T597,2025-05-07,C125,Mr. Wesley Fritz,UK,P175,Clothing,3,283.68,Credit Card,Returned
T598,2025-08-10,C23,Andrea Black,CA,P199,Home,5,-8.40083363414129,Credit Card,Cancelled
T599,2025-08-21,C108,Samantha Sosa,AU,P182,Electronics,2,105.91,Debit Card,Cancelled
T600,2025-03-18,C120,Donna Clark,AU,P122,Clothing,5,287.09,UPI,Cancelled
T601,2025-12-03,C250,Dale Anderson,FR,P147,Electronics,1,194.59,PayPal,Cancelled
T602,2025-06-11,C27,Jean Bradley,US,P61,Electronics,1,146.76,Debit Card,Cancelled
T603,2025-11-26,C298,Edward Boyd,AU,P161,Home,1,377.04,Credit Card,Returned
T604,2026-03-02,C96,Elizabeth Moran,UK,P144,Home,3,60.3,UPI,Returned
T605,2025-10-20,C202,John Fleming,UK,P33,Sports,2,464.65,Debit Card,Completed
T606,2025-12-09,C292,Jennifer Gonzalez,DE,P155,Books,3,71.97,PayPal,Completed
T607,2025-04-30,C23,Jesus Evans,DE,P82,Electronics,4,159.08,UPI,Completed
T608,2025-06-21,C110,Christopher Brock,DE,P53,Electronics,4,82.76,UPI,Cancelled
T609,2025-03-29,C272,Andrea Anderson,AU,P189,Sports,1,96.82,Credit Card,Returned
T610,2025-09-12,C147,Nathan Mcknight,UK,P2,Books,5,402.78,Debit Card,Returned
T611,2025-03-17,C70,Jacob Ellison,US,P167,Clothing,4,84.9,PayPal,Returned
T612,2026-01-09,C69,Suzanne Murphy,DE,P17,Books,4,496.94,Debit Card,Returned
T613,2025-10-24,C91,Wayne Cole,AU,P123,Clothing,2,289.12,Credit Card,Cancelled
T614,2025-03-27,C187,Frank Stevens,US,P41,Home,4,489.57,PayPal,Cancelled
T615,2025-07-12,C108,Cheryl Dunlap,DE,P30,Books,3,342.16,UPI,Completed
T616,2025-08-16,C126,Billy Johnson,IN,P170,Home,4,134.22,UPI,Cancelled
T617,2026-02-01,C213,Teresa Moore,DE,P67,Books,4,124.15,PayPal,Returned
T618,2025-03-09,C148,Phillip Watson,UK,P19,Clothing,3,23.21,PayPal,Completed
T619,2025-10-01,C91,Melissa Walker,CA,P143,Clothing,1,200.1,UPI,Cancelled
T620,2025-04-15,C157,Heidi Stanley,CA,P185,Sports,3,408.45,PayPal,Cancelled
T621,2025-04-23,C132,Jamie Wells,FR,P83,Clothing,4,359.25,Credit Card,Completed
T622,2025-07-29,C47,Tammy Nielsen,FR,P61,Sports,3,475.64,Debit Card,Completed
T623,2025-08-04,C222,John Ross,FR,P110,Electronics,1,389.36,PayPal,Cancelled
T624,2025-04-04,C166,Robert Gibson,US,P158,Clothing,5,488.17,Credit Card,Completed
T625,2025-03-28,C59,Gary Reed,DE,P69,Clothing,5,81.13,Credit Card,Completed
T626,2025-11-23,C18,Sara Dunn,FR,P16,Home,5,196.6,Credit Card,Returned
T627,2025-05-09,C276,Laura Flores,IN,P117,Electronics,1,180.65,Debit Card,Returned
T628,2025-06-18,C176,Samantha Williams,AU,P90,Home,2,76.89,Debit Card,Cancelled
T629,2026-01-04,C225,Katrina Holmes,US,P120,Home,1,211.57,Debit Card,Completed
T630,2025-12-01,C21,Patricia Baker,IN,P12,Sports,2,459.58,Credit Card,Completed
T631,2025-11-14,C125,Andrea Owens,CA,P69,Home,3,336.24,Credit Card,Completed
T632,2025-10-04,C191,Melanie Stokes,US,P118,Clothing,1,315.8,Credit Card,Completed
T633,2025-11-22,C287,Barbara Page,DE,P87,Home,3,370.68,UPI,Completed
T634,2026-02-16,C228,Zachary Clark,IN,P86,Electronics,3,142.9,Debit Card,Returned
T635,2025-04-28,C213,Pamela Wood,DE,P5,Electronics,5,307.34,PayPal,Completed
T636,2025-03-20,C12,Gregory Stewart,IN,P101,Home,4,480.21,UPI,Returned
T637,2025-10-18,C165,Anthony Lewis,DE,P118,Home,2,277.77,PayPal,Cancelled
T638,2025-06-13,C265,Eric Peters,IN,P84,Electronics,2,223.67,PayPal,Returned
T639,2025-10-12,C40,Kara Green,US,P43,Home,4,379.13,Debit Card,Cancelled
T640,2025-06-18,C131,James Gordon,CA,P24,Home,2,315.4,PayPal,Returned
T641,2025-09-27,C187,Melanie Mcintyre,UK,P183,Sports,2,308.16,UPI,Cancelled
T642,2025-09-29,C59,Danielle Neal,DE,P50,Electronics,4,462.52,PayPal,Returned
T643,2026-03-02,C28,Joshua Bailey,US,P144,Books,2,314.01,Debit Card,Completed
T644,2026-01-31,C210,Adam Leach,IN,P77,Books,2,359.85,Debit Card,Returned
T645,2025-08-22,C296,Amy Armstrong,IN,P103,Clothing,3,256.71,Debit Card,Returned
T646,2026-04-05 22:39:44.644507,C105,Derek Moore,UK,P26,Home,3,457.84,Debit Card,Cancelled
T647,2025-03-10,C180,Terry Nichols,IN,P34,Sports,4,458.3,Debit Card,Returned
T648,2025-07-13,C98,Joe Reed,US,P36,Home,1,-70.28477745727876,PayPal,Returned
T649,2025-09-10,C147,Dr. Joseph Owens,US,P190,Sports,5,96.33,UPI,Completed
T650,2025-12-06,C171,Kimberly Bell,CA,P92,Clothing,1,276.84,Debit Card,Returned
T651,2025-03-22,C149,Dana Bush,UK,P103,Sports,2,169.18,Credit Card,Returned
T652,2026-02-07,C140,Jamie Hicks,FR,P37,Electronics,2,130.35,UPI,Completed
T653,2025-04-23,C297,Alexis Ramos,DE,P147,Books,2,456.14,Debit Card,Cancelled
T654,2025-10-09,C121,Tiffany Cowan,AU,P28,Sports,4,343.67,Debit Card,Completed
T655,2025-04-19,C224,Kimberly Baldwin,IN,P77,Sports,5,421.94,Credit Card,Completed
T656,2025-08-03,C5,Jose Carpenter,DE,P189,Clothing,3,237.22,UPI,Completed
T657,2025-07-04,C29,Brittany Crosby,CA,P151,Electronics,5,480.35,Debit Card,Returned
T658,2025-08-05,C165,Robert Stanley,IN,P51,Electronics,3,144.47,Debit Card,Completed
T659,2025-04-15,C82,Bryan Jackson,DE,P141,Electronics,5,242.33,Debit Card,Returned
T660,2025-03-26,C8,Elizabeth Anderson,UK,P8,Books,4,441.56,Debit Card,Returned
T661,2025-05-08,C214,William Gonzales,AU,P139,Sports,3,124.6,PayPal,Returned
T662,2025-06-16,C295,Amanda Burns,FR,P45,Home,3,292.9,PayPal,Cancelled
T663,2026-02-16,C95,Angela Henderson,IN,P36,Electronics,3,171.7,UPI,Cancelled
T664,2025-09-03,C33,Timothy Johnson,XYZ,P155,Electronics,1,79.37,Debit Card,Completed
T665,2025-04-20,C271,Amber Simpson,IN,P108,Books,3,199.34,Debit Card,Returned
T666,2026-02-16,C140,Bill Pena,CA,P65,Electronics,3,116.93,Credit Card,Returned
T667,2025-04-26,C201,Joshua Chandler,FR,P16,Clothing,5,58.86,PayPal,Completed
T668,2025-09-20,C272,Brianna Santana,IN,P56,Home,4,448.72,PayPal,Cancelled
T669,2026-02-16,C248,Monique Howell DVM,DE,P21,Sports,5,438.94,UPI,Cancelled
T670,2025-09-08,C35,Michael Brown,CA,P129,Clothing,4,222.9,Debit Card,Returned
T671,2025-10-19,C270,Kevin Walker,IN,P55,Home,2,256.28,Credit Card,Cancelled
T672,2025-09-14,C128,Nicole Barton,AU,P119,Home,1,394.96,Debit Card,Cancelled
T673,2025-12-14,C293,Jerry Miller,AU,P117,Sports,5,490.07,Credit Card,Completed
T674,2025-04-01,C26,Joshua Reed,AU,P17,Home,4,364.04,Debit Card,Cancelled
T675,2025-07-28,C208,Ronald Smith,IN,P192,Sports,3,403.6,PayPal,Returned
T676,2025-05-07,C77,Karen Hill,UK,P179,Clothing,2,187.11,PayPal,Returned
T677,2025-04-08,C16,Brian Simpson,AU,P92,Clothing,4,100.66,PayPal,Completed
T678,2025-04-13,C94,Joseph Strong,US,P175,Home,3,39.67,Debit Card,Cancelled
T679,2025-07-05,C217,Joseph Williams,US,P34,Sports,5,104.66,PayPal,Cancelled
T680,2025-04-13,C193,Yvonne Mccullough,IN,P67,Clothing,4,442.58,PayPal,Completed
T681,2025-06-28,C19,Devin Hamilton,US,P49,Clothing,4,67.95,PayPal,Cancelled
T682,2025-06-25,C257,Troy Stephens,XYZ,P70,Sports,2,185.79,Debit Card,Completed
T1,2025-12-03,C175,David Wilson,CA,P39,Sports,3,330.49,Credit Card,Returned
T684,2025-11-29,C170,Brittany Jones,DE,P43,Electronics,1,293.33,UPI,Completed
T685,2025-05-03,C273,Sandra Lopez,AU,P181,Electronics,4,269.9,Credit Card,Returned
T686,2025-05-05,C35,Trevor Cross Jr.,IN,P135,Electronics,2,477.94,PayPal,Cancelled
T687,2025-09-02,C268,Jonathan Todd,IN,P82,Books,5,320.74,UPI,Completed
T688,2025-07-10,C76,Gabrielle Ross,FR,P147,Electronics,1,438.38,Debit Card,Completed
T689,2025-06-02,C74,Melissa Rosales,IN,P147,Home,1,492.12,UPI,Completed
T690,2025-12-22,C213,Denise Johnson MD,IN,P16,Books,5,433.19,UPI,Cancelled
T691,2025-05-12,C102,Tracy Schmidt,FR,P87,Clothing,5,18.66,UPI,Returned
T692,2025-12-05,C39,Pamela Kelly,US,P179,Clothing,5,33.14,UPI,Cancelled
T693,2026-02-02,C6,Jeffrey Santiago,FR,P142,Clothing,3,223.51,PayPal,Completed
T694,2025-05-06,C103,Robert Miller,US,P198,Clothing,3,84.86,Credit Card,Completed
T695,2025-07-15,C139,David Galvan,UK,P119,Electronics,2,246.18,UPI,Completed
T696,2026-01-05,C73,Nathaniel Sanford,AU,P76,Clothing,2,157.54,UPI,Returned
T697,2025-09-29,C159,Thomas Martin,FR,P195,Electronics,2,318.46,Debit Card,Completed
T698,2025-10-12,C221,Sherri Barrett,US,P40,Clothing,4,86.19,Debit Card,Completed
T699,2026-02-17,C299,Mark Meyers,FR,P86,Books,1,389.11,PayPal,Returned
T700,2025-10-25,C159,Nicole Perry,UK,P130,Books,4,54.68,Debit Card,Returned
T701,2025-09-05,C4,Angela Jenkins,AU,P20,Clothing,2,31.81,UPI,Returned
T702,2026-03-01,C248,Juan Bell,AU,P17,Home,5,329.38,PayPal,Returned
T703,2025-10-13,C131,Mitchell Garcia,IN,P195,Electronics,2,180.27,Credit Card,Completed
T704,2026-01-26,C216,Jessica Johnson,CA,P63,Sports,2,433.45,Credit Card,Completed
T705,2025-12-27,C215,Timothy Deleon,DE,P139,Electronics,2,239.78,Credit Card,Returned
T706,2025-07-24,C164,David Haynes,DE,P81,Clothing,3,27.29,Credit Card,Completed
T707,2025-07-16,C116,Sharon Morales,AU,P131,Home,3,458.27,Debit Card,Returned
T708,2025-08-04,C171,Tiffany Clayton,IN,P165,Clothing,2,230.6,UPI,Cancelled
T709,2025-06-19,C295,Mason Villanueva,XYZ,P157,Sports,3,423.44,Debit Card,Returned
T710,2026-02-23,C65,Gary Miranda,US,P59,Clothing,3,102.35,Credit Card,Returned
T711,2025-11-23,C244,Madison Miller,DE,P79,Clothing,5,343.4,Credit Card,Cancelled
T712,2025-03-25,C290,Heather Friedman,DE,P75,Clothing,1,190.53,Debit Card,Cancelled
T713,2025-10-16,C199,Tammy Hull,DE,P44,Sports,4,96.09,PayPal,Returned
T714,2026-02-22,C4,Gabrielle Peters,DE,P46,Home,4,207.7,Credit Card,Returned
T715,2025-04-06,C227,Jon Miller,AU,P71,Sports,1,304.02,PayPal,Returned
T716,2025-10-10,C118,Russell Beck,IN,P34,Electronics,2,290.45,UPI,Returned
T717,2025-04-25,C199,Jerry Gillespie,CA,P16,Clothing,1,145.02,Debit Card,Returned
T718,2026-01-17,C157,Antonio Woodward,CA,P165,Sports,4,125.39,Credit Card,Completed
T719,2025-11-21,C92,Krystal Brown,US,P22,Electronics,2,319.44,UPI,Returned
T720,2025-07-22,C187,Margaret English,AU,P64,Sports,3,73.3,Debit Card,Cancelled
T721,2025-06-05,C103,Allen Bennett,IN,P129,Electronics,3,125.24,UPI,Returned
T722,2026-01-01,C119,Carol Lee MD,US,P186,Home,2,216.3,Debit Card,Cancelled
T723,2026-01-08,C109,Jorge White,DE,P137,Books,5,417.83,Debit Card,Completed
T724,2025-11-06,C267,Jerry King,AU,P131,Clothing,3,53.91,Debit Card,Completed
T725,2025-04-26,C81,Crystal Marks,US,P90,Books,2,138.82,Debit Card,Cancelled
T726,2025-03-24,C128,Michael Payne,AU,P51,Home,2,251.0,Credit Card,Returned
T727,2026-02-21,C6,Keith Vincent,FR,P111,Clothing,2,141.03,UPI,Cancelled
T728,2026-02-23,C293,Travis Butler,AU,P27,Clothing,4,97.65,PayPal,Completed
T729,2025-10-31,C134,Mary Thompson,CA,P81,Sports,3,189.47,PayPal,Completed
T730,2025-10-21,C34,Mary Mckee,UK,P17,Electronics,1,223.6,UPI,Returned
T731,2026-01-15,C240,Lawrence French,AU,P122,Home,1,57.21,UPI,Cancelled
T732,2025-12-09,C296,John Nielsen,DE,P152,Home,5,327.15,PayPal,Cancelled
T733,2025-09-11,C250,Wanda Johnson,AU,P159,Sports,1,222.62,Credit Card,Returned
T734,2025-12-26,,Ricky Jennings,IN,P127,Electronics,3,436.42,PayPal,Completed
T735,2025-11-05,C277,Adam Lane,FR,P49,Home,5,421.13,PayPal,Cancelled
T736,2025-12-19,C178,Katie Mcgee,CA,P40,Home,5,173.59,Debit Card,Returned
T737,2025-07-20,C237,David Gibson,AU,P174,Sports,3,433.91,Debit Card,Returned
T738,2025-05-01,C204,Samantha Hill,CA,P174,Electronics,2,385.1,Credit Card,Cancelled
T739,2026-02-15,C101,Brenda Evans,FR,P153,Home,3,322.35,PayPal,Completed
T740,2026-01-10,C129,Kim Brady,FR,P196,Clothing,4,204.99,Credit Card,Cancelled
T741,2025-10-22,C255,Michael Brown,US,P109,Electronics,1,438.92,PayPal,Returned
T742,2025-03-29,C205,Brenda Long,IN,P12,Books,3,15.87,PayPal,Returned
T743,2025-04-03,C60,Jessica Jackson,UK,P50,Home,4,295.94,Credit Card,Returned
T744,2025-09-21,C217,Stacey Morales,DE,P42,Sports,5,137.95,Debit Card,Returned
T745,2025-03-05,C276,Roger Bates,XYZ,P177,Clothing,3,242.97,Debit Card,Returned
T746,2025-05-04,C275,Paul Leach,AU,P41,Sports,5,404.9,UPI,Completed
T747,2025-11-27,C224,Jesse Thomas,UK,P71,Sports,4,148.56,UPI,Cancelled
T748,2025-08-20,C193,Gary Kent,DE,P122,Electronics,1,191.95,Credit Card,Completed
T749,2026-02-18,C183,Timothy Hayes,AU,P182,Books,4,93.38,Credit Card,Returned
T750,2025-07-21,C23,Taylor Schwartz,UK,P108,Home,5,-93.60932130381609,Credit Card,Completed
T751,2026-02-07,C180,Christopher Martinez,DE,P183,Home,4,250.37,PayPal,Returned
T752,2025-12-03,C273,Christy Howell,DE,P97,Books,1,91.74,UPI,Completed
T753,2025-08-08,C139,Matthew Greene,IN,P173,Electronics,3,272.41,Credit Card,Completed
T754,2025-05-16,C107,Daniel Wallace,FR,P30,Home,3,67.85,Credit Card,Returned
T755,2025-12-17,C90,Shannon Thompson,UK,P69,Electronics,2,133.33,PayPal,Completed
T756,2025-03-17,C142,Andrew White PhD,DE,P87,Electronics,3,52.94,UPI,Completed
T757,2025-05-13,C211,Donald Beck MD,FR,P66,Sports,5,153.3,Debit Card,Cancelled
T758,2025-12-19,C10,David Little,IN,P67,Home,3,185.31,Credit Card,Cancelled
T759,2025-03-06,C187,Jacqueline Johnson,UK,P69,Electronics,3,48.53,UPI,Completed
T760,2025-10-16,C228,Victor Holden,UK,P39,Books,4,128.24,Debit Card,Returned
T761,2025-08-07,C122,Patrick Combs,CA,P49,Clothing,5,336.31,PayPal,Completed
T762,2026-01-15,C110,Kelly Riley,AU,P164,Clothing,5,416.7,PayPal,Returned
T763,2025-04-10,C46,Joseph Henderson,IN,P137,Sports,3,283.64,UPI,Returned
T764,2025-05-31,C53,Jeremy Mcbride,UK,P162,Electronics,2,41.45,Debit Card,Completed
T765,2025-11-13,C161,Monica Booth,UK,P110,Home,1,363.23,UPI,Returned
T766,2025-06-30,C117,Tiffany White,DE,P50,Sports,5,167.3,PayPal,Returned
T767,2025-03-09,C159,David Howard,FR,P105,Clothing,1,174.71,Debit Card,Cancelled
T768,2025-12-10,C192,Billy Parker,CA,P15,Electronics,1,197.82,PayPal,Cancelled
T769,2026-01-01,C117,Brian Lee,FR,P3,Home,3,453.04,PayPal,Completed
T770,2025-07-20,C55,Erica Gonzalez,FR,P91,Sports,4,426.31,PayPal,Returned
T771,2025-03-26,C166,April Anderson,CA,P109,Books,5,50.4,Debit Card,Cancelled
T772,2025-10-18,C199,Stephen Washington,IN,P36,Home,5,394.94,UPI,Cancelled
T773,2025-10-28,C108,Henry Mccall,CA,P55,Home,1,80.36,PayPal,Returned
T774,2025-05-06,C25,Jessica Wilkins,FR,P73,Electronics,2,301.24,PayPal,Cancelled
T775,2025-03-18,C134,Jonathan Davis,DE,P101,Clothing,1,343.16,Credit Card,Returned
T776,2026-02-22,C171,Sarah Hernandez,UK,P154,Books,1,298.63,Debit Card,Cancelled
T777,2025-10-19,C273,Ashley Morales,DE,P31,Home,1,209.53,UPI,Returned
T778,2025-05-02,C247,Joseph Brown,UK,P191,Sports,1,286.61,UPI,Returned
T779,2025-08-02,C272,Elizabeth Morales,CA,P72,Clothing,2,187.58,Debit Card,Returned
T780,2025-07-17,C16,Pamela Dunlap,DE,P82,Clothing,5,151.64,Debit Card,Cancelled
T781,2026-02-01,C22,Julia Kerr,AU,P146,Sports,5,384.98,Debit Card,Returned
T782,2025-12-04,C114,Keith Garrett,IN,P46,Books,2,475.66,PayPal,Returned
T783,2026-02-04,C45,Amanda Lopez,IN,P88,Electronics,1,462.43,PayPal,Cancelled
T784,2026-04-05 22:39:44.645668,C1,Steven Scott,FR,P73,Electronics,5,181.22,UPI,Completed
T785,2025-03-29,C54,Diane Nielsen,IN,P113,Clothing,4,13.98,UPI,Completed
T786,2025-04-06,C87,Samantha Sullivan,AU,P121,Books,4,66.82,PayPal,Completed
T787,2025-03-17,C237,Johnny Davenport,DE,P117,Electronics,1,451.04,Credit Card,Returned
T788,2025-12-18,C13,Daniel Lynch,US,P82,Electronics,2,94.27,PayPal,Returned
T789,2025-09-08,,Kimberly Kelley,DE,P41,Books,1,376.89,UPI,Completed
T790,2025-03-14,C155,Philip Silva,CA,P70,Sports,3,482.46,PayPal,Returned
T791,2025-08-05,C180,Jason Johnson,AU,P178,Clothing,5,444.22,UPI,Completed
T792,2025-06-07,C88,Tamara Baker,US,P70,Books,4,329.45,UPI,Returned
T793,2025-10-24,C256,Eric Shields,UK,P119,Sports,1,460.37,PayPal,Completed
T794,2025-06-29,C181,William Matthews,IN,P71,Sports,5,393.79,UPI,Returned
T795,2025-05-31,C286,Danielle Mullins,CA,P107,Home,5,292.57,Credit Card,Cancelled
T796,2025-05-16,C296,Allen Hale,CA,P163,Home,1,280.72,Credit Card,Completed
T797,2025-09-30,C212,Katrina Stewart,US,P56,Sports,1,109.08,Credit Card,Cancelled
T798,2025-07-02,C228,Amy Hoffman,IN,P198,Home,1,190.37,Debit Card,Returned
T799,2025-12-08,C264,Carlos Elliott,CA,P10,Home,1,470.23,Debit Card,Returned
T800,2025-07-06,C7,Sarah Coffey,DE,P7,Home,5,84.81,Credit Card,Returned
T801,2025-10-23,C69,Yvette Scott,US,P81,Books,2,299.84,PayPal,Completed
T802,2025-11-25,C65,Julie Riley,AU,P72,Electronics,5,282.08,UPI,Completed
T803,2025-07-12,C5,Courtney Mcclain,DE,P139,Books,3,366.48,Credit Card,Cancelled
T804,2025-11-06,C179,Dr. Tony Williams,IN,P12,Clothing,2,51.49,Debit Card,Returned
T805,2025-05-24,C71,Michael Reynolds,FR,P196,Clothing,4,369.08,Debit Card,Completed
T806,2025-10-14,C136,John Franklin,IN,P56,Electronics,3,55.22,Debit Card,Cancelled
T807,2026-01-08,C137,Connor Baker,CA,P173,Sports,4,360.47,Credit Card,Returned
T808,2025-10-21,C209,Michael Page,AU,P2,Electronics,2,352.18,UPI,Completed
T809,2025-11-17,C131,Rebecca Johnston,DE,P149,Sports,2,208.92,UPI,Returned
T810,2026-01-07,C176,Amy Ward,AU,P189,Sports,3,212.2,PayPal,Returned
T811,2025-07-11,C299,Michelle Goodman,IN,P33,Home,1,359.66,Credit Card,Completed
T812,2025-07-15,C8,Taylor Smith,FR,P93,Electronics,2,266.36,UPI,Returned
T813,2025-08-31,C138,John Warren,IN,P184,Electronics,5,297.44,Credit Card,Returned
T814,2025-05-17,C82,Anthony Martin,US,P140,Sports,5,467.94,Credit Card,Cancelled
T815,2025-03-13,C239,Carol Gomez,CA,P110,Electronics,5,164.38,UPI,Cancelled
T816,2025-09-16,C173,Mariah Reyes,DE,P146,Sports,1,347.89,PayPal,Completed
T817,2025-12-21,C186,Dean Garza,DE,P74,Sports,4,387.27,UPI,Cancelled
T818,2026-03-05,C54,Luis Clark,US,P8,Electronics,1,281.2,Debit Card,Returned
T819,2025-12-11,C147,George Clark,UK,P70,Books,2,53.17,PayPal,Cancelled
T820,2025-11-27,C1,William Welch,FR,P187,Clothing,5,228.17,UPI,Completed
T821,2026-01-18,C59,Sean Miller,FR,P119,Home,4,290.57,Credit Card,Returned
T822,2025-08-20,C35,Adam Myers,AU,P45,Books,2,282.28,UPI,Completed
T823,2025-11-02,C291,Thomas Cherry,UK,P160,Sports,3,358.75,UPI,Cancelled
T824,2025-05-20,C68,Stephanie Lambert,US,P197,Sports,5,75.41,Credit Card,Completed
T825,2025-11-12,C3,Samuel Harper,AU,P153,Electronics,1,414.32,Credit Card,Completed
T1,2025-07-04,C138,Michael Bryant,DE,P144,Home,1,43.55,UPI,Cancelled
T827,2025-09-01,C17,Lisa Woods,AU,P8,Clothing,2,-58.6200027767256,Credit Card,Cancelled
T828,2025-12-03,C70,Steven Atkins,UK,P22,Sports,2,330.0,Debit Card,Completed
T829,2025-12-29,C97,Matthew Spence,CA,P4,Sports,3,430.22,UPI,Cancelled
T830,2025-04-14,C88,Leah Fleming,IN,P15,Sports,-5,280.31,Debit Card,Cancelled
T831,2025-03-11,C130,Michelle Stanley,US,P142,Clothing,5,350.22,PayPal,Returned
T832,2025-05-17,C78,Linda Rodriguez DVM,DE,P143,Electronics,4,130.86,Credit Card,Returned
T833,2025-04-11,C68,Curtis Stevens,IN,P34,Home,3,136.1,PayPal,Completed
T834,2025-07-05,C132,Blake Hoffman,CA,P164,Clothing,3,426.84,Credit Card,Returned
T835,2025-12-01,C107,Lisa Hancock,FR,P152,Electronics,4,30.19,UPI,Returned
T836,2025-08-21,C183,Tammy Taylor,FR,P84,Sports,4,53.27,UPI,Returned
T837,2025-04-29,C151,Shawn Salas,UK,P173,Home,1,349.02,PayPal,Returned
T838,2026-02-10,C9,Juan Simpson,DE,P15,Clothing,1,454.19,PayPal,Cancelled
T839,2025-05-19,C137,Anna Lawrence,UK,P63,Clothing,4,478.77,Debit Card,Cancelled
T840,2025-03-06,C44,Taylor Delgado,FR,P79,Electronics,2,185.24,Credit Card,Cancelled
T841,2026-03-01,C231,Justin Watson,UK,P184,Sports,2,237.46,PayPal,Returned
T842,2025-06-13,C62,Dr. Brandon Duncan,US,P200,Sports,2,376.26,Debit Card,Completed
T843,2026-03-01,C150,Shane Williams,US,P136,Home,3,159.7,UPI,Returned
T844,2025-04-13,C189,Michael Nelson,DE,P23,Home,5,324.35,Credit Card,Cancelled
T845,2025-03-23,C220,Jeffery Hill,UK,P21,Books,2,64.39,PayPal,Cancelled
T846,2025-09-06,C202,Angela Gomez,AU,P174,Books,4,400.78,Credit Card,Completed
T847,2025-06-09,C211,James Foster,IN,P12,Books,1,453.83,PayPal,Returned
T848,2025-05-22,C203,Jared Pittman,UK,P63,Home,3,271.64,Debit Card,Cancelled
T849,2026-01-26,C121,Amber Stephens,AU,P20,Electronics,4,317.23,UPI,Returned
T850,2025-03-20,C1,Terry Elliott,AU,P135,Sports,1,218.18,Credit Card,Returned
T851,2025-06-24,C46,Tammy Smith,DE,P167,Clothing,4,20.33,PayPal,Completed
T852,2025-07-04,C237,William Wood,IN,P104,Electronics,4,199.84,PayPal,Returned
T853,2025-11-30,C298,Joshua Anderson,DE,P30,Clothing,4,456.41,UPI,Completed
T854,2025-07-17,C100,Terry Roberts,UK,P24,Clothing,4,61.68,Debit Card,Completed
T855,2025-05-28,C236,Jamie Diaz,AU,P123,Home,4,386.49,Credit Card,Returned
T856,2025-08-22,C295,Mark Castillo,US,P152,Home,3,161.84,Debit Card,Returned
T857,2025-10-13,C176,Ryan Cook,IN,P42,Sports,3,427.44,UPI,Cancelled
T858,2025-12-13,C119,Michael Lopez,FR,P82,Clothing,1,268.96,UPI,Returned
T859,2026-02-25,C113,Brandon Smith,FR,P200,Home,2,220.42,Debit Card,Completed
T860,2026-02-06,C247,Kelsey Jones,AU,P29,Clothing,4,473.25,UPI,Returned
T861,2026-02-14,C288,Teresa Cook,XYZ,P132,Sports,3,388.54,PayPal,Completed
T862,2025-11-24,C141,John Williams,DE,P32,Electronics,3,72.07,UPI,Completed
T863,2025-03-24,C157,Carolyn Brooks,FR,P155,Home,2,82.03,Debit Card,Cancelled
T864,2025-05-23,C223,Karen Henry,FR,P28,Home,1,379.75,Debit Card,Cancelled
T865,2025-05-12,C194,Jennifer Dudley,UK,P40,Electronics,3,464.91,Credit Card,Completed
T866,2025-04-29,C273,James Landry,IN,P63,Home,3,381.66,PayPal,Completed
T867,2025-07-04,C74,Anthony Mitchell,CA,P126,Electronics,4,98.59,PayPal,Cancelled
T868,2025-09-28,C191,Steven Murray,DE,P99,Books,2,206.08,UPI,Completed
T869,2025-06-20,C119,Lucas Daniel,AU,P143,Electronics,1,147.73,PayPal,Cancelled
T870,2025-06-12,C88,Jennifer Cline,FR,P148,Books,4,26.45,UPI,Cancelled
T871,2025-09-25,C4,Kevin Hernandez,UK,P119,Clothing,5,100.56,Credit Card,Completed
T872,2026-01-29,,Robert Burns,DE,P162,Electronics,4,281.22,Credit Card,Returned
T873,2025-11-02,C160,Thomas Alexander,CA,P142,Sports,1,216.4,PayPal,Completed
T874,2025-05-16,C259,Mr. Jeremy Jackson II,CA,P185,Home,3,74.92,UPI,Completed
T875,2025-06-30,C169,Marcus Griffith,US,P46,Home,4,249.77,PayPal,Cancelled
T876,2025-06-15,,Joyce Lopez,IN,P166,Home,3,-2.2803476279620774,Debit Card,Cancelled
T877,2025-06-30,C142,Jay Prince,AU,P27,Clothing,5,131.41,PayPal,Completed
T878,2025-04-24,C99,Cameron Warren,AU,P167,Electronics,1,268.07,Debit Card,Returned
T879,2025-07-15,C121,Lucas Hanson,IN,P84,Home,4,352.91,UPI,Completed
T880,2025-04-25,C53,Raymond Lee,UK,P188,Clothing,3,301.72,Debit Card,Returned
T881,2025-08-17,C4,Joanna Stewart,DE,P115,Books,2,300.45,PayPal,Cancelled
T882,2025-12-28,C84,James Thompson,CA,P166,Clothing,2,27.87,Debit Card,Completed
T883,2025-04-30,C123,Stanley Christensen,CA,P16,Electronics,5,211.45,Debit Card,Cancelled
T884,2025-04-11,C148,Lauren Johnson,CA,P70,Clothing,4,418.87,Debit Card,Completed
T885,2025-11-27,C183,Paul Anderson,UK,P29,Sports,1,478.37,PayPal,Returned
T886,2025-06-18,C121,Robert Miller,DE,P5,Sports,4,408.9,UPI,Completed
T887,2025-06-09,C245,Dale Clark,AU,P92,Home,1,141.19,PayPal,Completed
T888,2025-04-03,C36,Lindsay George,US,P163,Clothing,5,212.9,Credit Card,Completed
T889,2025-06-14,C88,Jesse Boyer,IN,P65,Electronics,2,280.37,UPI,Completed
T890,2026-04-05 22:39:44.644781,C29,Scott Patel,AU,P83,Sports,4,315.52,Credit Card,Cancelled
T891,2025-04-10,C7,Morgan Martin,DE,P44,Electronics,3,302.95,Credit Card,Returned
T892,2025-12-31,C45,Luke Moss,UK,P186,Electronics,4,385.64,Credit Card,Completed
T893,2025-11-28,C168,Ryan Brown,FR,P163,Books,1,264.62,UPI,Cancelled
T894,2026-02-27,C292,Dr. Sandra Reyes,AU,P150,Sports,5,193.31,PayPal,Completed
T895,2026-01-03,C151,John Strickland,UK,P24,Electronics,1,431.56,UPI,Completed
T896,2025-10-26,C15,Jennifer Craig,US,P77,Sports,4,429.05,UPI,Completed
T897,2025-11-05,C27,Edward Aguilar,DE,P38,Clothing,3,31.83,Debit Card,Completed
T898,2025-12-21,C170,Mark Morgan,US,P48,Home,1,166.24,Credit Card,Returned
T899,2025-04-07,C54,Barbara Walton,DE,P17,Electronics,4,-2.568630586065731,Credit Card,Cancelled
T900,2025-03-25,C105,Ashley Jones,UK,P82,Sports,5,195.94,Credit Card,Cancelled
T901,2025-10-17,C202,Harold Taylor,US,P114,Home,5,404.09,PayPal,Completed
T902,2025-10-08,C37,Alan Baker,UK,P108,Sports,1,231.53,Credit Card,Returned
T903,2025-10-23,C111,Amanda Garrett,UK,P34,Electronics,2,381.73,UPI,Cancelled
T904,2025-06-18,C255,Mr. Kevin Garcia,CA,P99,Clothing,4,12.03,UPI,Completed
T905,2025-05-30,C121,Tiffany Alvarado,UK,P88,Electronics,3,179.46,Credit Card,Returned
T906,2025-10-14,C219,Virginia Juarez,FR,P182,Clothing,1,92.51,Credit Card,Completed
T907,2026-02-16,C62,Amanda Perkins,AU,P26,Home,3,457.78,UPI,Cancelled
T908,2025-07-04,C300,Susan Fleming,UK,P42,Books,2,196.32,PayPal,Completed
T909,2025-09-09,C93,Rick Hutchinson,CA,P48,Clothing,5,180.75,PayPal,Returned
T910,2025-08-11,C227,Henry Stevens,AU,P17,Sports,1,365.57,UPI,Completed
T911,2025-04-22,C298,Morgan Hernandez,DE,P116,Books,1,121.22,Credit Card,Returned
T912,2025-05-22,C174,Valerie Austin,AU,P149,Home,4,82.29,UPI,Completed
T913,2026-01-07,C263,Michael Ford,US,P56,Electronics,2,401.63,PayPal,Cancelled
T914,2026-01-22,C273,Brenda Brewer,DE,P87,Clothing,2,152.61,Debit Card,Returned
T915,2025-12-17,C149,Brandi Lester,XYZ,P34,Home,2,476.87,Debit Card,Cancelled
T916,2026-02-14,C229,Alicia Smith,UK,P90,Electronics,3,272.03,Credit Card,Returned
T917,2026-04-05 22:39:44.645582,C135,Jacob Dominguez,US,P103,Electronics,5,461.22,UPI,Cancelled
T918,2025-04-11,C12,Elizabeth Calderon,IN,P13,Electronics,4,121.84,Credit Card,Returned
T919,2025-04-24,C250,Randall Grant,FR,P181,Clothing,-1,270.03,PayPal,Returned
T920,2025-11-22,C58,Robert Watson,AU,P12,Electronics,3,299.17,PayPal,Completed
T921,2025-04-03,C278,Tyler Flores,DE,P12,Clothing,3,401.47,UPI,Cancelled
T922,2025-10-17,C258,Michael Salazar,IN,P136,Books,4,236.26,PayPal,Completed
T923,2025-06-02,C220,Michelle Hansen,US,P126,Clothing,1,111.07,Credit Card,Returned
T924,2025-12-16,C98,Keith Horne,AU,P172,Books,1,185.53,PayPal,Completed
T1,2025-05-10,C122,Jason Mckenzie,US,P194,Sports,3,54.82,PayPal,Returned
T926,2025-11-19,C296,Matthew Kim,DE,P25,Clothing,5,213.91,Credit Card,Returned
T927,2025-05-17,C159,Amanda Mendoza,US,P143,Clothing,5,239.39,UPI,Returned
T928,2025-10-03,C183,Jasmine Montes,UK,P47,Sports,3,31.68,PayPal,Cancelled
T929,2025-04-25,C141,Steve Hester,US,P135,Books,1,94.59,UPI,Completed
T930,2025-06-24,C234,John Diaz,DE,P99,Clothing,3,258.46,UPI,Cancelled
T931,2025-09-04,C148,Daniel Zavala,US,P24,Electronics,2,374.8,Credit Card,Completed
T932,2025-07-11,C210,Jennifer Santana,US,P12,Sports,4,364.06,Debit Card,Returned
T933,2025-11-16,C202,Susan Reyes,UK,P34,Clothing,2,116.35,Credit Card,Returned
T934,2026-01-11,C114,Sean Williams,XYZ,P37,Electronics,4,57.25,UPI,Cancelled
T935,2025-06-20,C264,Amy Daniels,US,P117,Home,5,112.83,Debit Card,Cancelled
T936,2025-10-05,C147,James Cruz,XYZ,P160,Electronics,1,251.17,PayPal,Cancelled
T937,2025-08-25,C249,Carla Cook,IN,P143,Clothing,1,392.36,UPI,Returned
T938,2025-11-27,C161,Steven Rodgers II,IN,P83,Sports,3,158.64,Credit Card,Completed
T939,2026-01-25,C14,April Stephens,CA,P125,Clothing,5,422.7,UPI,Cancelled
T940,2025-07-29,C254,Gary Brown,DE,P179,Books,2,18.13,PayPal,Cancelled
T941,2025-05-05,C19,Peggy Barker,DE,P163,Home,2,311.72,Credit Card,Returned
T942,2025-10-21,C16,Kathleen Carr,AU,P85,Sports,4,405.88,Credit Card,Returned
T943,2025-11-26,C256,Michele Jackson DDS,AU,P24,Books,5,151.85,UPI,Cancelled
T944,2025-11-14,C164,John Peterson,CA,P119,Clothing,2,316.93,PayPal,Returned
T945,2025-03-26,C72,Dakota Winters,AU,P106,Sports,5,425.64,UPI,Completed
T946,2025-09-22,C274,Michael Aguirre,US,P60,Home,4,182.54,Debit Card,Cancelled
T947,2025-04-10,C68,Tasha Becker,AU,P95,Books,4,86.31,UPI,Returned
T948,2025-03-24,C14,Eric Manning,FR,P13,Clothing,3,210.1,UPI,Returned
T949,2025-07-18,C125,David Blackwell,UK,P86,Clothing,4,135.41,Debit Card,Returned
T950,2025-03-11,C250,Jennifer Moore,DE,P44,Clothing,3,323.32,Debit Card,Cancelled
T951,2025-11-04,C235,William Escobar,US,P114,Home,4,41.03,Credit Card,Returned
T952,2025-09-02,C24,Deanna Martinez,US,P28,Electronics,1,192.55,UPI,Returned
T953,2025-12-04,C24,Gregory Mcguire,IN,P108,Home,4,139.48,PayPal,Cancelled
T954,2026-01-20,C209,Kara Lopez,US,P1,Books,5,185.59,PayPal,Cancelled
T955,2025-09-11,C194,Jessica Thomas,US,P155,Home,2,164.9,PayPal,Cancelled
T956,2025-12-03,C24,Barbara Brooks,US,P170,Sports,1,449.72,Debit Card,Completed
T957,2025-10-08,C91,William Conley,CA,P143,Books,1,290.58,PayPal,Returned
T958,2025-11-03,C165,Shelley Anderson,AU,P134,Electronics,3,403.98,Credit Card,Returned
T959,2025-06-26,C118,Christopher Stone DVM,DE,P101,Sports,3,221.72,Credit Card,Returned
T960,2026-02-13,C11,Stephen Brown,IN,P156,Sports,1,275.31,Debit Card,Returned
T961,2025-05-19,C223,Sonia Fisher,DE,P82,Electronics,3,71.04,UPI,Cancelled
T962,2025-04-01,C146,Michael Stewart,IN,P13,Home,1,411.99,Debit Card,Completed
T963,2026-02-11,C198,Christina Leach,FR,P40,Home,3,145.38,PayPal,Completed
T964,2026-02-02,C297,Michelle Diaz,DE,P25,Clothing,1,315.8,UPI,Completed
T965,2025-12-20,C260,James Weiss,CA,P49,Home,-1,105.54,UPI,Returned
T966,2025-07-09,C180,Glenn Green,AU,P91,Electronics,4,205.15,Credit Card,Completed
T1,2025-10-26,C56,Stephen Edwards,US,P182,Clothing,1,442.77,PayPal,Cancelled
T968,2025-08-16,C130,Curtis Howard,DE,P89,Clothing,2,415.54,UPI,Returned
T969,2026-01-05,C96,Sherry Pace,UK,P93,Sports,3,471.8,PayPal,Returned
T970,2025-06-13,C179,Melissa Ryan,DE,P170,Home,1,57.03,PayPal,Returned
T971,2025-03-30,C152,Kristen Mcknight,US,P42,Home,4,289.9,Debit Card,Completed
T1,2025-09-09,C41,Ms. Holly Martinez,UK,P1,Clothing,2,188.6,Credit Card,Completed
T973,2025-11-13,C250,Kevin Robles,CA,P190,Sports,3,184.24,UPI,Returned
T974,2025-10-23,C213,Michelle Smith,DE,P159,Electronics,1,183.1,UPI,Completed
T975,2025-03-21,C246,Jade Tate,CA,P187,Electronics,2,106.35,UPI,Cancelled
T976,2025-12-08,C140,Lauren Martinez,US,P117,Clothing,2,366.58,Debit Card,Returned
T977,2025-10-23,C280,Anita Ramos,UK,P32,Electronics,5,217.77,Credit Card,Completed
T978,2025-05-21,C160,Larry Miller,DE,P159,Sports,4,383.85,UPI,Returned
T979,2025-10-17,C151,Michele Sims,UK,P57,Electronics,4,400.8,UPI,Cancelled
T980,2025-10-26,C20,Betty Coleman,DE,P193,Sports,4,54.4,PayPal,Returned
T981,2025-05-05,C134,Nicole Hill,IN,P170,Home,2,389.79,UPI,Completed
T982,2025-07-16,C189,Denise Santana,IN,P17,Electronics,1,264.03,PayPal,Completed
T983,2025-07-13,C131,Richard Stuart,FR,P179,Home,1,292.33,Debit Card,Completed
T984,2025-10-29,C79,Julia Ward,AU,P169,Home,3,484.85,Debit Card,Returned
T985,2026-01-30,C142,Kimberly Young,IN,P33,Sports,5,236.48,PayPal,Returned
T986,2026-04-05 22:39:44.645409,C89,Sean Wilson,US,P89,Books,3,423.63,PayPal,Completed
T987,2025-08-07,C238,Judy Lucas,CA,P69,Electronics,5,274.36,Credit Card,Completed
T988,2025-12-17,C155,Stephen Melendez PhD,DE,P55,Books,5,405.5,UPI,Cancelled
T989,2026-01-02,C183,Candice Mcconnell,FR,P84,Electronics,3,159.76,UPI,Cancelled
T990,2026-01-19,C177,Paul Ramirez,CA,P27,Books,2,-78.9033277073645,PayPal,Completed
T991,2025-12-04,C8,Jonathan Garza,UK,P8,Books,3,302.01,PayPal,Returned
T992,2025-12-20,C104,Linda Fisher,CA,P34,Electronics,3,289.94,Debit Card,Returned
T993,2025-03-05,C45,Jodi Fernandez,AU,P7,Home,4,165.6,Debit Card,Completed
T994,2025-03-27,C284,David Brown,AU,P182,Electronics,4,-84.79008770470215,PayPal,Returned
T995,2025-10-30,C60,Gary Foster,US,P99,Books,4,414.57,Credit Card,Returned
T996,2026-01-30,C136,Pamela Adams,UK,P12,Clothing,1,387.64,PayPal,Completed
T997,2025-06-08,C83,Samuel Barrett,US,P42,Clothing,4,41.21,PayPal,Completed
T998,2025-10-04,C289,Wesley Nelson,UK,P195,Books,5,413.55,Credit Card,Completed
T999,2025-09-06,C232,Judy Wood PhD,DE,P105,Home,4,213.37,Debit Card,Completed
T1000,2025-11-30,C161,Mark Hammond,IN,P123,Sports,1,324.95,Credit Card,Returned
